Timestamp,Date and Time,"power GUESS, GW","daily energy consumption GUESS, TWh"
1577836800,2020-01-01 0:00:00,8.105745107,0.1945378826
1577923200,2020-01-02 0:00:00,7.954712833,0.190913108
1578009600,2020-01-03 0:00:00,8.180876301,0.1963410312
1578096000,2020-01-04 0:00:00,8.369841323,0.2008761918
1578182400,2020-01-05 0:00:00,8.476155322,0.2034277277
1578268800,2020-01-06 0:00:00,8.286467997,0.1988752319
1578355200,2020-01-07 0:00:00,8.566337028,0.2055920887
1578441600,2020-01-08 0:00:00,8.392690905,0.2014245817
1578528000,2020-01-09 0:00:00,8.515438649,0.2043705276
1578614400,2020-01-10 0:00:00,8.362005367,0.2006881288
1578700800,2020-01-11 0:00:00,8.32364425,0.199767462
1578787200,2020-01-12 0:00:00,8.231588755,0.1975581301
1578873600,2020-01-13 0:00:00,8.292960949,0.1990310628
1578960000,2020-01-14 0:00:00,8.059486024,0.1934276646
1579046400,2020-01-15 0:00:00,8.210596389,0.1970543133
1579132800,2020-01-16 0:00:00,8.312348411,0.1994963619
1579219200,2020-01-17 0:00:00,8.47547822,0.2034114773
1579305600,2020-01-18 0:00:00,8.309405901,0.1994257416
1579392000,2020-01-19 0:00:00,8.38326503,0.2011983607
1579478400,2020-01-20 0:00:00,8.53492453,0.2048381887
1579564800,2020-01-21 0:00:00,8.675102536,0.2082024609
1579651200,2020-01-22 0:00:00,8.716181364,0.2091883527
1579737600,2020-01-23 0:00:00,8.716181364,0.2091883527
1579824000,2020-01-24 0:00:00,8.658684426,0.2078084262
1579910400,2020-01-25 0:00:00,8.921565439,0.2141175705
1579996800,2020-01-26 0:00:00,8.864057317,0.2127373756
1580083200,2020-01-27 0:00:00,8.67510701,0.2082025682
1580169600,2020-01-28 0:00:00,8.620406071,0.2068897457
1580256000,2020-01-29 0:00:00,8.714620078,0.2091508819
1580342400,2020-01-30 0:00:00,8.749804939,0.2099953185
1580428800,2020-01-31 0:00:00,8.739303164,0.2097432759
1580515200,2020-02-01 0:00:00,8.660609706,0.2078546329
1580601600,2020-02-02 0:00:00,8.687226342,0.2084934322
1580688000,2020-02-03 0:00:00,8.870860531,0.2129006527
1580774400,2020-02-04 0:00:00,8.77761919,0.2106628606
1580860800,2020-02-05 0:00:00,8.775934115,0.2106224188
1580947200,2020-02-06 0:00:00,8.601228839,0.2064294921
1581033600,2020-02-07 0:00:00,8.56428313,0.2055427951
1581120000,2020-02-08 0:00:00,8.496953338,0.2039268801
1581206400,2020-02-09 0:00:00,8.617808891,0.2068274134
1581292800,2020-02-10 0:00:00,8.428757654,0.2022901837
1581379200,2020-02-11 0:00:00,8.603594142,0.2064862594
1581465600,2020-02-12 0:00:00,8.463075776,0.2031138186
1581552000,2020-02-13 0:00:00,8.521279448,0.2045107067
1581638400,2020-02-14 0:00:00,8.492784603,0.2038268305
1581724800,2020-02-15 0:00:00,8.525101242,0.2046024298
1581811200,2020-02-16 0:00:00,8.436435625,0.202474455
1581897600,2020-02-17 0:00:00,8.745984063,0.2099036175
1581984000,2020-02-18 0:00:00,8.792129173,0.2110111001
1582070400,2020-02-19 0:00:00,8.808706142,0.2114089474
1582156800,2020-02-20 0:00:00,8.700983623,0.208823607
1582243200,2020-02-21 0:00:00,8.893635616,0.2134472548
1582329600,2020-02-22 0:00:00,8.972278451,0.2153346828
1582416000,2020-02-23 0:00:00,8.997723611,0.2159453667
1582502400,2020-02-24 0:00:00,8.858722722,0.2126093453
1582588800,2020-02-25 0:00:00,8.776540345,0.2106369683
1582675200,2020-02-26 0:00:00,8.703299662,0.2088791919
1582761600,2020-02-27 0:00:00,8.858232576,0.2125975818
1582848000,2020-02-28 0:00:00,8.860109888,0.2126426373
1582934400,2020-02-29 0:00:00,8.750757816,0.2100181876
1583020800,2020-03-01 0:00:00,9.023446295,0.2165627111
1583107200,2020-03-02 0:00:00,9.087967167,0.218111212
1583193600,2020-03-03 0:00:00,9.127316235,0.2190555896
1583280000,2020-03-04 0:00:00,9.355300638,0.2245272153
1583366400,2020-03-05 0:00:00,9.454454639,0.2269069113
1583452800,2020-03-06 0:00:00,9.391110817,0.2253866596
1583539200,2020-03-07 0:00:00,9.509022144,0.2282165315
1583625600,2020-03-08 0:00:00,9.30650464,0.2233561114
1583712000,2020-03-09 0:00:00,9.329941576,0.2239185978
1583798400,2020-03-10 0:00:00,9.229716089,0.2215131861
1583884800,2020-03-11 0:00:00,8.89482834,0.2134758802
1583971200,2020-03-12 0:00:00,8.881311231,0.2131514695
1584057600,2020-03-13 0:00:00,8.701316223,0.2088315893
1584144000,2020-03-14 0:00:00,8.531472706,0.2047553449
1584230400,2020-03-15 0:00:00,8.259358898,0.1982246136
1584316800,2020-03-16 0:00:00,7.979846247,0.1915163099
1584403200,2020-03-17 0:00:00,7.735769859,0.1856584766
1584489600,2020-03-18 0:00:00,7.3979412,0.1775505888
1584576000,2020-03-19 0:00:00,6.823639285,0.1637673428
1584662400,2020-03-20 0:00:00,6.497760042,0.155946241
1584748800,2020-03-21 0:00:00,6.235564949,0.1496535588
1584835200,2020-03-22 0:00:00,6.066314441,0.1455915466
1584921600,2020-03-23 0:00:00,5.815949713,0.1395827931
1585008000,2020-03-24 0:00:00,5.795908682,0.1391018084
1585094400,2020-03-25 0:00:00,5.706882636,0.1369651833
1585180800,2020-03-26 0:00:00,5.873593781,0.1409662507
1585267200,2020-03-27 0:00:00,6.009236898,0.1442216856
1585353600,2020-03-28 0:00:00,5.933740514,0.1424097723
1585440000,2020-03-29 0:00:00,5.955539195,0.1429329407
1585526400,2020-03-30 0:00:00,6.077194067,0.1458526576
1585612800,2020-03-31 0:00:00,6.132881402,0.1471891537
1585699200,2020-04-01 0:00:00,6.431267057,0.1543504094
1585785600,2020-04-02 0:00:00,6.422663393,0.1541439214
1585872000,2020-04-03 0:00:00,6.319850718,0.1516764172
1585958400,2020-04-04 0:00:00,6.538278764,0.1569186903
1586044800,2020-04-05 0:00:00,6.855129905,0.1645231177
1586131200,2020-04-06 0:00:00,6.891792904,0.1654030297
1586217600,2020-04-07 0:00:00,7.161145114,0.1718674827
1586304000,2020-04-08 0:00:00,7.328593792,0.175886251
1586390400,2020-04-09 0:00:00,7.596886711,0.1823252811
1586476800,2020-04-10 0:00:00,8.046511694,0.1931162806
1586563200,2020-04-11 0:00:00,8.263947844,0.1983347483
1586649600,2020-04-12 0:00:00,8.239441673,0.1977466002
1586736000,2020-04-13 0:00:00,8.641535271,0.2073968465
1586822400,2020-04-14 0:00:00,8.713533119,0.2091247949
1586908800,2020-04-15 0:00:00,8.932211547,0.2143730771
1586995200,2020-04-16 0:00:00,8.932211547,0.2143730771
1587081600,2020-04-17 0:00:00,8.649398759,0.2075855702
1587168000,2020-04-18 0:00:00,8.641548158,0.2073971558
1587254400,2020-04-19 0:00:00,8.633697558,0.2072087414
1587340800,2020-04-20 0:00:00,8.555137853,0.2053233085
1587427200,2020-04-21 0:00:00,8.481550554,0.2035572133
1587513600,2020-04-22 0:00:00,8.258903321,0.1982136797
1587600000,2020-04-23 0:00:00,8.246883891,0.1979252134
1587686400,2020-04-24 0:00:00,8.463842718,0.2031322252
1587772800,2020-04-25 0:00:00,8.369786639,0.2008748793
1587859200,2020-04-26 0:00:00,8.331298301,0.1999511592
1587945600,2020-04-27 0:00:00,8.267784686,0.1984268325
1588032000,2020-04-28 0:00:00,8.33361804,0.200006833
1588118400,2020-04-29 0:00:00,8.463980442,0.2031355306
1588204800,2020-04-30 0:00:00,8.41635249,0.2019924598
1588291200,2020-05-01 0:00:00,8.414415018,0.2019459604
1588377600,2020-05-02 0:00:00,8.54015842,0.2049638021
1588464000,2020-05-03 0:00:00,8.829485217,0.2119076452
1588550400,2020-05-04 0:00:00,8.987131269,0.2156911505
1588636800,2020-05-05 0:00:00,9.044732145,0.2170735715
1588723200,2020-05-06 0:00:00,9.146021841,0.2195045242
1588809600,2020-05-07 0:00:00,9.271751069,0.2225220257
1588896000,2020-05-08 0:00:00,9.248137723,0.2219553054
1588982400,2020-05-09 0:00:00,9.155635855,0.2197352605
1589068800,2020-05-10 0:00:00,9.186231292,0.220469551
1589155200,2020-05-11 0:00:00,9.189993382,0.2205598412
1589241600,2020-05-12 0:00:00,9.087571306,0.2181017114
1589328000,2020-05-13 0:00:00,8.783788536,0.2108109249
1589414400,2020-05-14 0:00:00,8.497365587,0.2039367741
1589500800,2020-05-15 0:00:00,8.39320883,0.2014370119
1589587200,2020-05-16 0:00:00,8.306409726,0.1993538334
1589673600,2020-05-17 0:00:00,7.707843782,0.1849882508
1589760000,2020-05-18 0:00:00,7.420156414,0.1780837539
1589846400,2020-05-19 0:00:00,7.027680829,0.1686643399
1589932800,2020-05-20 0:00:00,6.766537595,0.1623969023
1590019200,2020-05-21 0:00:00,6.654214527,0.1597011487
1590105600,2020-05-22 0:00:00,6.296813754,0.1511235301
1590192000,2020-05-23 0:00:00,5.963966181,0.1431351883
1590278400,2020-05-24 0:00:00,5.828593857,0.1398862526
1590364800,2020-05-25 0:00:00,5.539800726,0.1329552174
1590451200,2020-05-26 0:00:00,5.444978697,0.1306794887
1590537600,2020-05-27 0:00:00,5.541231233,0.1329895496
1590624000,2020-05-28 0:00:00,5.488034443,0.1317128266
1590710400,2020-05-29 0:00:00,5.559278928,0.1334226943
1590796800,2020-05-30 0:00:00,5.779703467,0.1387128832
1590883200,2020-05-31 0:00:00,5.981560869,0.1435574609
1590969600,2020-06-01 0:00:00,6.026430441,0.1446343306
1591056000,2020-06-02 0:00:00,6.046580276,0.1451179266
1591142400,2020-06-03 0:00:00,6.040699024,0.1449767766
1591228800,2020-06-04 0:00:00,6.109495977,0.1466279035
1591315200,2020-06-05 0:00:00,6.317791449,0.1516269948
1591401600,2020-06-06 0:00:00,6.439327624,0.154543863
1591488000,2020-06-07 0:00:00,6.390443992,0.1533706558
1591574400,2020-06-08 0:00:00,6.470810855,0.1552994605
1591660800,2020-06-09 0:00:00,6.570928632,0.1577022872
1591747200,2020-06-10 0:00:00,6.64649144,0.1595157946
1591833600,2020-06-11 0:00:00,6.811465921,0.1634751821
1591920000,2020-06-12 0:00:00,6.736316557,0.1616715974
1592006400,2020-06-13 0:00:00,6.536934118,0.1568864188
1592092800,2020-06-14 0:00:00,6.614330004,0.1587439201
1592179200,2020-06-15 0:00:00,6.49188451,0.1558052282
1592265600,2020-06-16 0:00:00,6.486905984,0.1556857436
1592352000,2020-06-17 0:00:00,6.456176136,0.1549482273
1592438400,2020-06-18 0:00:00,6.193903437,0.1486536825
1592524800,2020-06-19 0:00:00,6.18675733,0.1484821759
1592611200,2020-06-20 0:00:00,6.169394021,0.1480654565
1592697600,2020-06-21 0:00:00,6.141622675,0.1473989442
1592784000,2020-06-22 0:00:00,6.277411821,0.1506578837
1592870400,2020-06-23 0:00:00,6.403999728,0.1536959935
1592956800,2020-06-24 0:00:00,6.395991621,0.1535037989
1593043200,2020-06-25 0:00:00,6.51240283,0.1562976679
1593129600,2020-06-26 0:00:00,6.648213022,0.1595571125
1593216000,2020-06-27 0:00:00,6.643427973,0.1594422714
1593302400,2020-06-28 0:00:00,6.657065689,0.1597695765
1593388800,2020-06-29 0:00:00,6.631258638,0.1591502073
1593475200,2020-06-30 0:00:00,6.503643712,0.1560874491
1593561600,2020-07-01 0:00:00,6.546750695,0.1571220167
1593648000,2020-07-02 0:00:00,6.588553347,0.1581252803
1593734400,2020-07-03 0:00:00,6.475796517,0.1554191164
1593820800,2020-07-04 0:00:00,6.507546259,0.1561811102
1593907200,2020-07-05 0:00:00,6.497560448,0.1559414507
1593993600,2020-07-06 0:00:00,6.478244299,0.1554778632
1594080000,2020-07-07 0:00:00,6.503718024,0.1560892326
1594166400,2020-07-08 0:00:00,6.424221974,0.1541813274
1594252800,2020-07-09 0:00:00,6.407354181,0.1537765003
1594339200,2020-07-10 0:00:00,6.379166899,0.1531000056
1594425600,2020-07-11 0:00:00,6.373349165,0.15296038
1594512000,2020-07-12 0:00:00,6.309383738,0.1514252097
1594598400,2020-07-13 0:00:00,6.314050246,0.1515372059
1594684800,2020-07-14 0:00:00,6.298325351,0.1511598084
1594771200,2020-07-15 0:00:00,6.302067294,0.1512496151
1594857600,2020-07-16 0:00:00,6.218987436,0.1492556985
1594944000,2020-07-17 0:00:00,6.040051245,0.1449612299
1595030400,2020-07-18 0:00:00,5.948963696,0.1427751287
1595116800,2020-07-19 0:00:00,5.887414938,0.1412979585
1595203200,2020-07-20 0:00:00,5.888179343,0.1413163042
1595289600,2020-07-21 0:00:00,5.768910389,0.1384538493
1595376000,2020-07-22 0:00:00,5.806570054,0.1393576813
1595462400,2020-07-23 0:00:00,5.806570054,0.1393576813
1595548800,2020-07-24 0:00:00,6.076499511,0.1458359883
1595635200,2020-07-25 0:00:00,6.151833402,0.1476440016
1595721600,2020-07-26 0:00:00,6.321320097,0.1517116823
1595808000,2020-07-27 0:00:00,6.368654941,0.1528477186
1595894400,2020-07-28 0:00:00,6.53243393,0.1567784143
1595980800,2020-07-29 0:00:00,6.59657108,0.1583177059
1596067200,2020-07-30 0:00:00,6.638060072,0.1593134417
1596153600,2020-07-31 0:00:00,6.64197535,0.1594074084
1596240000,2020-08-01 0:00:00,6.646344987,0.1595122797
1596326400,2020-08-02 0:00:00,6.576432835,0.157834388
1596412800,2020-08-03 0:00:00,6.703206972,0.1608769673
1596499200,2020-08-04 0:00:00,6.719052972,0.1612572713
1596585600,2020-08-05 0:00:00,6.60886621,0.158612789
1596672000,2020-08-06 0:00:00,6.751108846,0.1620266123
1596758400,2020-08-07 0:00:00,6.747387886,0.1619373093
1596844800,2020-08-08 0:00:00,6.820131807,0.1636831634
1596931200,2020-08-09 0:00:00,6.96220834,0.1670930002
1597017600,2020-08-10 0:00:00,6.838928455,0.1641342829
1597104000,2020-08-11 0:00:00,6.931226897,0.1663494455
1597190400,2020-08-12 0:00:00,7.150510423,0.1716122501
1597276800,2020-08-13 0:00:00,7.121626898,0.1709190456
1597363200,2020-08-14 0:00:00,7.256560029,0.1741574407
1597449600,2020-08-15 0:00:00,7.358374082,0.176600978
1597536000,2020-08-16 0:00:00,7.337257154,0.1760941717
1597622400,2020-08-17 0:00:00,7.258946169,0.1742147081
1597708800,2020-08-18 0:00:00,7.162889798,0.1719093552
1597795200,2020-08-19 0:00:00,7.032531652,0.1687807596
1597881600,2020-08-20 0:00:00,7.025666411,0.1686159939
1597968000,2020-08-21 0:00:00,6.943332378,0.1666399771
1598054400,2020-08-22 0:00:00,6.806108991,0.1633466158
1598140800,2020-08-23 0:00:00,6.840410766,0.1641698584
1598227200,2020-08-24 0:00:00,7.030023355,0.1687205605
1598313600,2020-08-25 0:00:00,6.97931178,0.1675034827
1598400000,2020-08-26 0:00:00,7.041831896,0.1690039655
1598486400,2020-08-27 0:00:00,6.957062861,0.1669695087
1598572800,2020-08-28 0:00:00,7.023320458,0.168559691
1598659200,2020-08-29 0:00:00,7.10211974,0.1704508738
1598745600,2020-08-30 0:00:00,6.905149637,0.1657235913
1598832000,2020-08-31 0:00:00,6.897526174,0.1655406282
1598918400,2020-09-01 0:00:00,7.058247369,0.1693979369
1599004800,2020-09-02 0:00:00,7.049943981,0.1691986555
1599091200,2020-09-03 0:00:00,7.029767541,0.168714421
1599177600,2020-09-04 0:00:00,6.838528748,0.1641246899
1599264000,2020-09-05 0:00:00,6.806817149,0.1633636116
1599350400,2020-09-06 0:00:00,6.969356564,0.1672645575
1599436800,2020-09-07 0:00:00,7.118824532,0.1708517888
1599523200,2020-09-08 0:00:00,7.095837067,0.1703000896
1599609600,2020-09-09 0:00:00,7.101811438,0.1704434745
1599696000,2020-09-10 0:00:00,7.27288091,0.1745491418
1599782400,2020-09-11 0:00:00,7.267074731,0.1744097935
1599868800,2020-09-12 0:00:00,7.435829529,0.1784599087
1599955200,2020-09-13 0:00:00,7.487948406,0.1797107617
1600041600,2020-09-14 0:00:00,7.48834814,0.1797203554
1600128000,2020-09-15 0:00:00,7.495104426,0.1798825062
1600214400,2020-09-16 0:00:00,7.535657821,0.1808557877
1600300800,2020-09-17 0:00:00,7.670830578,0.1840999339
1600387200,2020-09-18 0:00:00,7.853305178,0.1884793243
1600473600,2020-09-19 0:00:00,7.711376135,0.1850730272
1600560000,2020-09-20 0:00:00,7.679757968,0.1843141912
1600646400,2020-09-21 0:00:00,7.58147046,0.181955291
1600732800,2020-09-22 0:00:00,7.497941753,0.1799506021
1600819200,2020-09-23 0:00:00,7.518994405,0.1804558657
1600905600,2020-09-24 0:00:00,7.33362774,0.1760070658
1600992000,2020-09-25 0:00:00,7.473816854,0.1793716045
1601078400,2020-09-26 0:00:00,7.581010763,0.1819442583
1601164800,2020-09-27 0:00:00,7.646821459,0.183523715
1601251200,2020-09-28 0:00:00,7.485363559,0.1796487254
1601337600,2020-09-29 0:00:00,7.530793897,0.1807390535
1601424000,2020-09-30 0:00:00,7.565329461,0.1815679071
1601510400,2020-10-01 0:00:00,7.408663934,0.1778079344
1601596800,2020-10-02 0:00:00,7.097628031,0.1703430728
1601683200,2020-10-03 0:00:00,7.031868562,0.1687648455
1601769600,2020-10-04 0:00:00,6.999034317,0.1679768236
1601856000,2020-10-05 0:00:00,7.040527928,0.1689726703
1601942400,2020-10-06 0:00:00,6.926166819,0.1662280037
1602028800,2020-10-07 0:00:00,6.870555699,0.1648933368
1602115200,2020-10-08 0:00:00,7.13343829,0.171202519
1602201600,2020-10-09 0:00:00,7.189330885,0.1725439413
1602288000,2020-10-10 0:00:00,7.148122817,0.1715549476
1602374400,2020-10-11 0:00:00,7.05569285,0.1693366284
1602460800,2020-10-12 0:00:00,7.152784345,0.1716668243
1602547200,2020-10-13 0:00:00,7.475585544,0.1794140531
1602633600,2020-10-14 0:00:00,7.527292027,0.1806550087
1602720000,2020-10-15 0:00:00,7.517433705,0.1804184089
1602806400,2020-10-16 0:00:00,7.660758662,0.1838582079
1602892800,2020-10-17 0:00:00,7.827019713,0.1878484731
1602979200,2020-10-18 0:00:00,7.740603751,0.18577449
1603065600,2020-10-19 0:00:00,7.62787815,0.1830690756
1603152000,2020-10-20 0:00:00,7.504071006,0.1800977041
1603238400,2020-10-21 0:00:00,7.398643829,0.1775674519
1603324800,2020-10-22 0:00:00,7.345086481,0.1762820755
1603411200,2020-10-23 0:00:00,7.215574401,0.1731737856
1603497600,2020-10-24 0:00:00,7.218622307,0.1732469354
1603584000,2020-10-25 0:00:00,7.206879598,0.1729651104
1603670400,2020-10-26 0:00:00,7.102729029,0.1704654967
1603756800,2020-10-27 0:00:00,6.768178279,0.1624362787
1603843200,2020-10-28 0:00:00,6.560339344,0.1574481443
1603929600,2020-10-29 0:00:00,6.348759695,0.1523702327
1604016000,2020-10-30 0:00:00,6.207196801,0.1489727232
1604102400,2020-10-31 0:00:00,5.935442366,0.1424506168
1604188800,2020-11-01 0:00:00,6.02221163,0.1445330791
1604275200,2020-11-02 0:00:00,5.937163952,0.1424919349
1604361600,2020-11-03 0:00:00,6.173405236,0.1481617257
1604448000,2020-11-04 0:00:00,6.464258049,0.1551421932
1604534400,2020-11-05 0:00:00,6.646721645,0.1595213195
1604620800,2020-11-06 0:00:00,6.930806656,0.1663393597
1604707200,2020-11-07 0:00:00,7.181670492,0.1723600918
1604793600,2020-11-08 0:00:00,7.290614101,0.1749747384
1604880000,2020-11-09 0:00:00,8.000662018,0.1920158884
1604966400,2020-11-10 0:00:00,8.185268394,0.1964464415
1605052800,2020-11-11 0:00:00,8.295585888,0.1990940613
1605139200,2020-11-12 0:00:00,8.556401198,0.2053536288
1605225600,2020-11-13 0:00:00,8.522424714,0.2045381931
1605312000,2020-11-14 0:00:00,8.51354792,0.2043251501
1605398400,2020-11-15 0:00:00,8.623583013,0.2069659923
1605484800,2020-11-16 0:00:00,8.460679587,0.2030563101
1605571200,2020-11-17 0:00:00,8.602537506,0.2064609002
1605657600,2020-11-18 0:00:00,8.845976883,0.2123034452
1605744000,2020-11-19 0:00:00,8.713554223,0.2091253014
1605830400,2020-11-20 0:00:00,9.013140652,0.2163153756
1605916800,2020-11-21 0:00:00,9.296953262,0.2231268783
1606003200,2020-11-22 0:00:00,9.558488983,0.2294037356
1606089600,2020-11-23 0:00:00,9.489306756,0.2277433621
1606176000,2020-11-24 0:00:00,9.311546464,0.2234771151
1606262400,2020-11-25 0:00:00,9.193039603,0.2206329505
1606348800,2020-11-26 0:00:00,9.303078923,0.2232738942
1606435200,2020-11-27 0:00:00,9.184562385,0.2204294972
1606521600,2020-11-28 0:00:00,9.057587983,0.2173821116
1606608000,2020-11-29 0:00:00,8.898717565,0.2135692216
1606694400,2020-11-30 0:00:00,8.69572884,0.2086974922
1606780800,2020-12-01 0:00:00,8.90685546,0.213764531
1606867200,2020-12-02 0:00:00,8.768919776,0.2104540746
1606953600,2020-12-03 0:00:00,8.906349311,0.2137523835
1607040000,2020-12-04 0:00:00,8.893399764,0.2134415943
1607126400,2020-12-05 0:00:00,8.880450217,0.2131308052
1607212800,2020-12-06 0:00:00,8.785369252,0.2108488621
1607299200,2020-12-07 0:00:00,9.088441122,0.2181225869
1607385600,2020-12-08 0:00:00,9.016732303,0.2164015753
1607472000,2020-12-09 0:00:00,9.088441122,0.2181225869
1607558400,2020-12-10 0:00:00,8.846443856,0.2123146525
1607644800,2020-12-11 0:00:00,8.792664594,0.2110239503
1607731200,2020-12-12 0:00:00,8.685115483,0.2084427716
1607817600,2020-12-13 0:00:00,8.862321633,0.2126957192
1607904000,2020-12-14 0:00:00,8.784466881,0.2108272051
1607990400,2020-12-15 0:00:00,8.716720446,0.2092012907
1608076800,2020-12-16 0:00:00,8.719986355,0.2092796725
1608163200,2020-12-17 0:00:00,8.681633101,0.2083591944
1608249600,2020-12-18 0:00:00,8.816165962,0.2115879831
1608336000,2020-12-19 0:00:00,9.013202862,0.2163168687
1608422400,2020-12-20 0:00:00,8.936035175,0.2144648442
1608508800,2020-12-21 0:00:00,8.884978651,0.2132394876
1608595200,2020-12-22 0:00:00,8.940160437,0.2145638505
1608681600,2020-12-23 0:00:00,9.067454299,0.2176189032
1608768000,2020-12-24 0:00:00,9.066776385,0.2176026332
1608854400,2020-12-25 0:00:00,9.006645993,0.2161595038
1608940800,2020-12-26 0:00:00,8.87404493,0.2129770783
1609027200,2020-12-27 0:00:00,8.902622378,0.2136629371
1609113600,2020-12-28 0:00:00,9.138576274,0.2193258306
1609200000,2020-12-29 0:00:00,9.239386025,0.2217452646
1609286400,2020-12-30 0:00:00,9.423318174,0.2261596362
1609372800,2020-12-31 0:00:00,9.830217987,0.2359252317
1609459200,2021-01-01 0:00:00,9.886133364,0.2372672007
1609545600,2021-01-02 0:00:00,10.02413514,0.2405792435
1609632000,2021-01-03 0:00:00,10.19888719,0.2447732925
1609718400,2021-01-04 0:00:00,10.41426093,0.2499422624
1609804800,2021-01-05 0:00:00,10.54805549,0.2531533318
1609891200,2021-01-06 0:00:00,10.69311578,0.2566347788
1609977600,2021-01-07 0:00:00,10.77874574,0.2586898978
1610064000,2021-01-08 0:00:00,10.83752431,0.2601005836
1610150400,2021-01-09 0:00:00,10.85156732,0.2604376156
1610236800,2021-01-10 0:00:00,11.02658587,0.2646380609
1610323200,2021-01-11 0:00:00,11.00370164,0.2640888393
1610409600,2021-01-12 0:00:00,11.07091626,0.2657019904
1610496000,2021-01-13 0:00:00,10.98813285,0.2637151885
1610582400,2021-01-14 0:00:00,10.93869623,0.2625287096
1610668800,2021-01-15 0:00:00,11.16736144,0.2680166746
1610755200,2021-01-16 0:00:00,11.33701325,0.2720883179
1610841600,2021-01-17 0:00:00,11.0594533,0.2654268793
1610928000,2021-01-18 0:00:00,10.96337286,0.2631209486
1611014400,2021-01-19 0:00:00,10.97405425,0.2633773021
1611100800,2021-01-20 0:00:00,10.85662144,0.2605589145
1611187200,2021-01-21 0:00:00,10.66447097,0.2559473032
1611273600,2021-01-22 0:00:00,10.51501481,0.2523603555
1611360000,2021-01-23 0:00:00,10.62205802,0.2549293924
1611446400,2021-01-24 0:00:00,10.70167348,0.2568401636
1611532800,2021-01-25 0:00:00,10.66397077,0.2559352984
1611619200,2021-01-26 0:00:00,10.81009224,0.2594422138
1611705600,2021-01-27 0:00:00,10.83666547,0.2600799712
1611792000,2021-01-28 0:00:00,11.02369929,0.264568783
1611878400,2021-01-29 0:00:00,11.15814939,0.2677955853
1611964800,2021-01-30 0:00:00,10.94889827,0.2627735584
1612051200,2021-01-31 0:00:00,11.0028367,0.2640680809
1612137600,2021-02-01 0:00:00,10.76910623,0.2584585494
1612224000,2021-02-02 0:00:00,10.67355184,0.2561652441
1612310400,2021-02-03 0:00:00,10.75077989,0.2580187173
1612396800,2021-02-04 0:00:00,10.90290202,0.2616696484
1612483200,2021-02-05 0:00:00,11.07605071,0.2658252171
1612569600,2021-02-06 0:00:00,11.36205067,0.272689216
1612656000,2021-02-07 0:00:00,11.53114475,0.2767474741
1612742400,2021-02-08 0:00:00,12.04336904,0.289040857
1612828800,2021-02-09 0:00:00,11.98110132,0.2875464317
1612915200,2021-02-10 0:00:00,11.95100888,0.2868242132
1613001600,2021-02-11 0:00:00,11.65907907,0.2798178976
1613088000,2021-02-12 0:00:00,11.41414278,0.2739394268
1613174400,2021-02-13 0:00:00,11.39457855,0.2734698853
1613260800,2021-02-14 0:00:00,11.30623901,0.2713497362
1613347200,2021-02-15 0:00:00,11.19581717,0.268699612
1613433600,2021-02-16 0:00:00,10.95291192,0.262869886
1613520000,2021-02-17 0:00:00,10.96658928,0.2631981427
1613606400,2021-02-18 0:00:00,11.14272974,0.2674255137
1613692800,2021-02-19 0:00:00,11.36477576,0.2727546182
1613779200,2021-02-20 0:00:00,11.3599547,0.2726389127
1613865600,2021-02-21 0:00:00,11.39531473,0.2734875535
1613952000,2021-02-22 0:00:00,11.29178155,0.2710027573
1614038400,2021-02-23 0:00:00,11.45948328,0.2750275988
1614124800,2021-02-24 0:00:00,11.74948397,0.2819876152
1614211200,2021-02-25 0:00:00,11.99607439,0.2879057855
1614297600,2021-02-26 0:00:00,11.85195314,0.2844468753
1614384000,2021-02-27 0:00:00,11.98219402,0.2875726565
1614470400,2021-02-28 0:00:00,11.86379422,0.2847310612
1614556800,2021-03-01 0:00:00,11.81011245,0.2834426989
1614643200,2021-03-02 0:00:00,11.97957226,0.2875097342
1614729600,2021-03-03 0:00:00,11.87545137,0.2850108329
1614816000,2021-03-04 0:00:00,11.52604416,0.27662506
1614902400,2021-03-05 0:00:00,11.62361898,0.2789668556
1614988800,2021-03-06 0:00:00,11.52193372,0.2765264092
1615075200,2021-03-07 0:00:00,11.65743154,0.279778357
1615161600,2021-03-08 0:00:00,11.92690816,0.2862457958
1615248000,2021-03-09 0:00:00,11.87100195,0.2849040467
1615334400,2021-03-10 0:00:00,11.81376308,0.283530314
1615420800,2021-03-11 0:00:00,11.84094694,0.2841827265
1615507200,2021-03-12 0:00:00,11.83036159,0.2839286783
1615593600,2021-03-13 0:00:00,11.72506072,0.2814014574
1615680000,2021-03-14 0:00:00,11.85212818,0.2844510763
1615766400,2021-03-15 0:00:00,11.77127003,0.2825104806
1615852800,2021-03-16 0:00:00,11.87523825,0.285005718
1615939200,2021-03-17 0:00:00,11.72506072,0.2814014574
1616025600,2021-03-18 0:00:00,11.9560964,0.2869463137
1616112000,2021-03-19 0:00:00,11.94018047,0.2865643312
1616198400,2021-03-20 0:00:00,12.10185344,0.2904444825
1616284800,2021-03-21 0:00:00,12.12536438,0.2910087452
1616371200,2021-03-22 0:00:00,12.19394701,0.2926547282
1616457600,2021-03-23 0:00:00,12.36875144,0.2968500345
1616544000,2021-03-24 0:00:00,12.58773911,0.3021057386
1616630400,2021-03-25 0:00:00,12.64545469,0.3034909126
1616716800,2021-03-26 0:00:00,12.53020771,0.3007249852
1616803200,2021-03-27 0:00:00,12.58909343,0.3021382422
1616889600,2021-03-28 0:00:00,12.62442485,0.3029861965
1616976000,2021-03-29 0:00:00,12.62442485,0.3029861965
1617062400,2021-03-30 0:00:00,12.44777855,0.2987466853
1617148800,2021-03-31 0:00:00,12.50666426,0.3001599424
1617235200,2021-04-01 0:00:00,12.37039424,0.2968894618
1617321600,2021-04-02 0:00:00,12.48044488,0.2995306772
1617408000,2021-04-03 0:00:00,12.21148429,0.2930756231
1617494400,2021-04-04 0:00:00,12.12613656,0.2910272774
1617580800,2021-04-05 0:00:00,12.25740389,0.2941776932
1617667200,2021-04-06 0:00:00,12.30066007,0.2952158416
1617753600,2021-04-07 0:00:00,12.37350327,0.2969640784
1617840000,2021-04-08 0:00:00,12.33642524,0.2960742058
1617926400,2021-04-09 0:00:00,12.48533332,0.2996479996
1618012800,2021-04-10 0:00:00,12.80358282,0.3072859877
1618099200,2021-04-11 0:00:00,12.79133345,0.3069920028
1618185600,2021-04-12 0:00:00,12.64444743,0.3034667382
1618272000,2021-04-13 0:00:00,12.61996997,0.3028792793
1618358400,2021-04-14 0:00:00,12.35068602,0.2964164645
1618444800,2021-04-15 0:00:00,12.82428224,0.3077827736
1618531200,2021-04-16 0:00:00,12.24871081,0.2939690594
1618617600,2021-04-17 0:00:00,11.46223949,0.2750937477
1618704000,2021-04-18 0:00:00,11.23435437,0.2696245048
1618790400,2021-04-19 0:00:00,10.68186625,0.2563647899
1618876800,2021-04-20 0:00:00,10.5405994,0.2529743855
1618963200,2021-04-21 0:00:00,10.14817256,0.2435561413
1619049600,2021-04-22 0:00:00,9.818365435,0.2356407704
1619136000,2021-04-23 0:00:00,10.21759275,0.245222226
1619222400,2021-04-24 0:00:00,10.89128685,0.2613908844
1619308800,2021-04-25 0:00:00,11.10337869,0.2664810886
1619395200,2021-04-26 0:00:00,11.31545989,0.2715710373
1619481600,2021-04-27 0:00:00,11.4901225,0.2757629401
1619568000,2021-04-28 0:00:00,12.00162685,0.2880390444
1619654400,2021-04-29 0:00:00,11.73964357,0.2817514456
1619740800,2021-04-30 0:00:00,11.8644041,0.2847456984
1619827200,2021-05-01 0:00:00,11.70290117,0.280869628
1619913600,2021-05-02 0:00:00,11.91733655,0.2860160773
1620000000,2021-05-03 0:00:00,12.38328073,0.2971987375
1620086400,2021-05-04 0:00:00,12.54257146,0.3010217151
1620172800,2021-05-05 0:00:00,12.44584186,0.2987002045
1620259200,2021-05-06 0:00:00,12.73730079,0.3056952189
1620345600,2021-05-07 0:00:00,12.76315597,0.3063157434
1620432000,2021-05-08 0:00:00,12.93985135,0.3105564323
1620518400,2021-05-09 0:00:00,12.9505245,0.310812588
1620604800,2021-05-10 0:00:00,12.98253355,0.3115808053
1620691200,2021-05-11 0:00:00,12.88652723,0.3092766534
1620777600,2021-05-12 0:00:00,13.04654124,0.3131169898
1620864000,2021-05-13 0:00:00,13.18024202,0.3163258086
1620950400,2021-05-14 0:00:00,13.08267377,0.3139841706
1621036800,2021-05-15 0:00:00,12.85315409,0.3084756983
1621123200,2021-05-16 0:00:00,12.58030661,0.3019273587
1621209600,2021-05-17 0:00:00,12.22885265,0.2934924637
1621296000,2021-05-18 0:00:00,11.69048833,0.2805717199
1621382400,2021-05-19 0:00:00,11.47623386,0.2754296127
1621468800,2021-05-20 0:00:00,10.91731955,0.2620156691
1621555200,2021-05-21 0:00:00,10.54353902,0.2530449366
1621641600,2021-05-22 0:00:00,10.3867508,0.2492820192
1621728000,2021-05-23 0:00:00,10.15046045,0.2436110508
1621814400,2021-05-24 0:00:00,10.14355709,0.2434453702
1621900800,2021-05-25 0:00:00,10.37171364,0.2489211275
1621987200,2021-05-26 0:00:00,10.26336564,0.2463207753
1622073600,2021-05-27 0:00:00,10.32533912,0.2478081388
1622160000,2021-05-28 0:00:00,10.43690134,0.2504856321
1622246400,2021-05-29 0:00:00,10.43690134,0.2504856321
1622332800,2021-05-30 0:00:00,10.46379135,0.2511309925
1622419200,2021-05-31 0:00:00,10.36689782,0.2488055476
1622505600,2021-06-01 0:00:00,10.30951066,0.2474282557
1622592000,2021-06-02 0:00:00,10.51250312,0.2523000749
1622678400,2021-06-03 0:00:00,10.58114314,0.2539474353
1622764800,2021-06-04 0:00:00,10.45967706,0.2510322493
1622851200,2021-06-05 0:00:00,10.37539506,0.2490094815
1622937600,2021-06-06 0:00:00,10.42335502,0.2501605204
1623024000,2021-06-07 0:00:00,10.33266929,0.2479840631
1623110400,2021-06-08 0:00:00,10.40499782,0.2497199477
1623196800,2021-06-09 0:00:00,9.99168631,0.2398004714
1623283200,2021-06-10 0:00:00,9.692042376,0.232609017
1623369600,2021-06-11 0:00:00,9.423387919,0.22616131
1623456000,2021-06-12 0:00:00,9.433717744,0.2264092258
1623542400,2021-06-13 0:00:00,9.231308474,0.2215514034
1623628800,2021-06-14 0:00:00,9.178089136,0.2202741393
1623715200,2021-06-15 0:00:00,8.920396538,0.2140895169
1623801600,2021-06-16 0:00:00,8.822075564,0.2117298135
1623888000,2021-06-17 0:00:00,8.874909756,0.2129978341
1623974400,2021-06-18 0:00:00,9.003361033,0.2160806648
1624060800,2021-06-19 0:00:00,8.647337585,0.207536102
1624147200,2021-06-20 0:00:00,8.327310517,0.1998554524
1624233600,2021-06-21 0:00:00,8.033749922,0.1928099981
1624320000,2021-06-22 0:00:00,7.642339417,0.183416146
1624406400,2021-06-23 0:00:00,7.427062306,0.1782494953
1624492800,2021-06-24 0:00:00,7.182435061,0.1723784415
1624579200,2021-06-25 0:00:00,7.045441433,0.1690905944
1624665600,2021-06-26 0:00:00,6.908446818,0.1658027236
1624752000,2021-06-27 0:00:00,6.448533574,0.1547648058
1624838400,2021-06-28 0:00:00,6.282180925,0.1507723422
1624924800,2021-06-29 0:00:00,6.272395242,0.1505374858
1625011200,2021-06-30 0:00:00,6.145189272,0.1474845425
1625097600,2021-07-01 0:00:00,6.054685026,0.1453124406
1625184000,2021-07-02 0:00:00,5.856697318,0.1405607356
1625270400,2021-07-03 0:00:00,5.944418135,0.1426660352
1625356800,2021-07-04 0:00:00,6.185637771,0.1484553065
1625443200,2021-07-05 0:00:00,6.252854654,0.1500685117
1625529600,2021-07-06 0:00:00,6.370832835,0.152899988
1625616000,2021-07-07 0:00:00,6.374754854,0.1529941165
1625702400,2021-07-08 0:00:00,6.415352453,0.1539684589
1625788800,2021-07-09 0:00:00,6.458248048,0.1549979531
1625875200,2021-07-10 0:00:00,6.631905814,0.1591657395
1625961600,2021-07-11 0:00:00,6.70223355,0.1608536052
1626048000,2021-07-12 0:00:00,6.660036317,0.1598408716
1626134400,2021-07-13 0:00:00,6.617835145,0.1588280435
1626220800,2021-07-14 0:00:00,6.948372254,0.1667609341
1626307200,2021-07-15 0:00:00,6.871011646,0.1649042795
1626393600,2021-07-16 0:00:00,7.004629321,0.1681111037
1626480000,2021-07-17 0:00:00,6.875338734,0.1650081296
1626566400,2021-07-18 0:00:00,6.960279872,0.1670467169
1626652800,2021-07-19 0:00:00,7.212254678,0.1730941123
1626739200,2021-07-20 0:00:00,7.072551697,0.1697412407
1626825600,2021-07-21 0:00:00,6.847715503,0.1643451721
1626912000,2021-07-22 0:00:00,6.971808266,0.1673233984
1626998400,2021-07-23 0:00:00,6.820682286,0.1636963749
1627084800,2021-07-24 0:00:00,6.848685724,0.1643684574
1627171200,2021-07-25 0:00:00,6.908935966,0.1658144632
1627257600,2021-07-26 0:00:00,6.775035596,0.1626008543
1627344000,2021-07-27 0:00:00,7.096385647,0.1703132555
1627430400,2021-07-28 0:00:00,7.214127708,0.173139065
1627516800,2021-07-29 0:00:00,7.299113355,0.1751787205
1627603200,2021-07-30 0:00:00,7.546199073,0.1811087777
1627689600,2021-07-31 0:00:00,7.664513489,0.1839483237
1627776000,2021-08-01 0:00:00,7.745048086,0.1858811541
1627862400,2021-08-02 0:00:00,7.766749461,0.1864019871
1627948800,2021-08-03 0:00:00,7.841076818,0.1881858436
1628035200,2021-08-04 0:00:00,7.728287732,0.1854789056
1628121600,2021-08-05 0:00:00,7.766884288,0.1864052229
1628208000,2021-08-06 0:00:00,7.756705306,0.1861609273
1628294400,2021-08-07 0:00:00,7.805490689,0.1873317765
1628380800,2021-08-08 0:00:00,7.834182456,0.1880203789
1628467200,2021-08-09 0:00:00,7.898753865,0.1895700928
1628553600,2021-08-10 0:00:00,7.870062098,0.1888814903
1628640000,2021-08-11 0:00:00,7.948973417,0.190775362
1628726400,2021-08-12 0:00:00,7.884402008,0.1892256482
1628812800,2021-08-13 0:00:00,7.823275204,0.1877586049
1628899200,2021-08-14 0:00:00,7.887757013,0.1893061683
1628985600,2021-08-15 0:00:00,8.155380914,0.1957291419
1629072000,2021-08-16 0:00:00,8.30437501,0.1993050002
1629158400,2021-08-17 0:00:00,8.444787461,0.2026748991
1629244800,2021-08-18 0:00:00,8.429495804,0.2023078993
1629331200,2021-08-19 0:00:00,8.531778668,0.204762688
1629417600,2021-08-20 0:00:00,8.683988393,0.2084157214
1629504000,2021-08-21 0:00:00,8.730181939,0.2095243665
1629590400,2021-08-22 0:00:00,8.591611257,0.2061986702
1629676800,2021-08-23 0:00:00,8.868762576,0.2128503018
1629763200,2021-08-24 0:00:00,8.730191894,0.2095246055
1629849600,2021-08-25 0:00:00,8.997039265,0.2159289424
1629936000,2021-08-26 0:00:00,9.084219628,0.2180212711
1630022400,2021-08-27 0:00:00,9.125206444,0.2190049547
1630108800,2021-08-28 0:00:00,9.045612177,0.2170946922
1630195200,2021-08-29 0:00:00,9.142977021,0.2194314485
1630281600,2021-08-30 0:00:00,8.803215528,0.2112771727
1630368000,2021-08-31 0:00:00,8.872953844,0.2129508923
1630454400,2021-09-01 0:00:00,8.739259945,0.2097422387
1630540800,2021-09-02 0:00:00,8.741655902,0.2097997417
1630627200,2021-09-03 0:00:00,8.735490344,0.2096517683
1630713600,2021-09-04 0:00:00,8.832821232,0.2119877096
1630800000,2021-09-05 0:00:00,8.876410872,0.2130338609
1630886400,2021-09-06 0:00:00,9.171535106,0.2201168425
1630972800,2021-09-07 0:00:00,9.22676266,0.2214423038
1631059200,2021-09-08 0:00:00,9.324750962,0.2237940231
1631145600,2021-09-09 0:00:00,9.275307234,0.2226073736
1631232000,2021-09-10 0:00:00,9.225472569,0.2214113416
1631318400,2021-09-11 0:00:00,9.223107401,0.2213545776
1631404800,2021-09-12 0:00:00,9.134765464,0.2192343711
1631491200,2021-09-13 0:00:00,9.085321735,0.2180477217
1631577600,2021-09-14 0:00:00,9.277838549,0.2226681252
1631664000,2021-09-15 0:00:00,9.277838549,0.2226681252
1631750400,2021-09-16 0:00:00,9.268886097,0.2224532663
1631836800,2021-09-17 0:00:00,9.36730443,0.2248153063
1631923200,2021-09-18 0:00:00,9.429922727,0.2263181455
1632009600,2021-09-19 0:00:00,9.546236191,0.2291096686
1632096000,2021-09-20 0:00:00,9.590969131,0.2301832591
1632182400,2021-09-21 0:00:00,9.202798236,0.2208671577
1632268800,2021-09-22 0:00:00,9.169148353,0.2200595605
1632355200,2021-09-23 0:00:00,9.475300713,0.2274072171
1632441600,2021-09-24 0:00:00,9.526132267,0.2286271744
1632528000,2021-09-25 0:00:00,9.468469093,0.2272432582
1632614400,2021-09-26 0:00:00,9.319922893,0.2236781494
1632700800,2021-09-27 0:00:00,9.234094037,0.2216182569
1632787200,2021-09-28 0:00:00,9.473900076,0.2273736018
1632873600,2021-09-29 0:00:00,9.395729748,0.225497514
1632960000,2021-09-30 0:00:00,9.396860719,0.2255246573
1633046400,2021-10-01 0:00:00,9.230717253,0.2215372141
1633132800,2021-10-02 0:00:00,9.512879457,0.228309107
1633219200,2021-10-03 0:00:00,9.51550707,0.2283721697
1633305600,2021-10-04 0:00:00,9.473888774,0.2273733306
1633392000,2021-10-05 0:00:00,9.590997775,0.2301839466
1633478400,2021-10-06 0:00:00,9.608017135,0.2305924112
1633564800,2021-10-07 0:00:00,9.395020509,0.2254804922
1633651200,2021-10-08 0:00:00,9.310944115,0.2234626588
1633737600,2021-10-09 0:00:00,9.094426829,0.2182662439
1633824000,2021-10-10 0:00:00,9.287268568,0.2228944456
1633910400,2021-10-11 0:00:00,9.304986543,0.223319677
1633996800,2021-10-12 0:00:00,9.079140999,0.217899384
1634083200,2021-10-13 0:00:00,9.474894806,0.2273974753
1634169600,2021-10-14 0:00:00,9.437707087,0.2265049701
1634256000,2021-10-15 0:00:00,9.632963767,0.2311911304
1634342400,2021-10-16 0:00:00,9.474894806,0.2273974753
1634428800,2021-10-17 0:00:00,9.484194086,0.2276206581
1634515200,2021-10-18 0:00:00,9.504917659,0.2281180238
1634601600,2021-10-19 0:00:00,9.713902296,0.2331336551
1634688000,2021-10-20 0:00:00,9.541127496,0.2289870599
1634774400,2021-10-21 0:00:00,9.656508153,0.2317561957
1634860800,2021-10-22 0:00:00,9.828568347,0.2358856403
1634947200,2021-10-23 0:00:00,9.952985008,0.2388716402
1635033600,2021-10-24 0:00:00,9.901448754,0.2376347701
1635120000,2021-10-25 0:00:00,10.23156851,0.2455576442
1635206400,2021-10-26 0:00:00,10.18463958,0.2444313499
1635292800,2021-10-27 0:00:00,10.25973903,0.2462337366
1635379200,2021-10-28 0:00:00,10.30667736,0.2473602565
1635465600,2021-10-29 0:00:00,10.42870573,0.2502889375
1635552000,2021-10-30 0:00:00,10.52257298,0.2525417516
1635638400,2021-10-31 0:00:00,10.40810439,0.2497945054
1635724800,2021-11-01 0:00:00,10.18742008,0.2444980819
1635811200,2021-11-02 0:00:00,10.36762686,0.2488230447
1635897600,2021-11-03 0:00:00,10.51228303,0.2522947927
1635984000,2021-11-04 0:00:00,10.51355109,0.2523252262
1636070400,2021-11-05 0:00:00,10.46648394,0.2511956145
1636156800,2021-11-06 0:00:00,10.55956066,0.2534294557
1636243200,2021-11-07 0:00:00,10.77581883,0.2586196518
1636329600,2021-11-08 0:00:00,10.64514179,0.2554834029
1636416000,2021-11-09 0:00:00,10.58483075,0.2540359379
1636502400,2021-11-10 0:00:00,10.46420866,0.2511410078
1636588800,2021-11-11 0:00:00,10.61498627,0.2547596704
1636675200,2021-11-12 0:00:00,10.48430923,0.2516234215
1636761600,2021-11-13 0:00:00,10.47425428,0.2513821026
1636848000,2021-11-14 0:00:00,10.5733287,0.2537598888
1636934400,2021-11-15 0:00:00,10.80528348,0.2593268035
1637020800,2021-11-16 0:00:00,10.85582899,0.2605398957
1637107200,2021-11-17 0:00:00,10.92600826,0.2622241983
1637193600,2021-11-18 0:00:00,10.85310285,0.2604744685
1637280000,2021-11-19 0:00:00,10.86736838,0.260816841
1637366400,2021-11-20 0:00:00,10.85524081,0.2605257795
1637452800,2021-11-21 0:00:00,10.60723732,0.2545736958
1637539200,2021-11-22 0:00:00,10.50200109,0.2520480262
1637625600,2021-11-23 0:00:00,10.31258147,0.2475019553
1637712000,2021-11-24 0:00:00,10.39676486,0.2495223565
1637798400,2021-11-25 0:00:00,10.2494416,0.2459865983
1637884800,2021-11-26 0:00:00,10.19682348,0.2447237635
1637971200,2021-11-27 0:00:00,10.17577997,0.2442187192
1638057600,2021-11-28 0:00:00,10.23514807,0.2456435536
1638144000,2021-11-29 0:00:00,10.23373832,0.2456097197
1638230400,2021-11-30 0:00:00,10.23373832,0.2456097197
1638316800,2021-12-01 0:00:00,10.00877579,0.240210619
1638403200,2021-12-02 0:00:00,10.25544182,0.2461306037
1638489600,2021-12-03 0:00:00,10.61648739,0.2547956973
1638576000,2021-12-04 0:00:00,10.72635191,0.2574324459
1638662400,2021-12-05 0:00:00,11.00720084,0.2641728202
1638748800,2021-12-06 0:00:00,11.31662687,0.2715990448
1638835200,2021-12-07 0:00:00,11.53183511,0.2767640426
1638921600,2021-12-08 0:00:00,11.7909408,0.2829825793
1639008000,2021-12-09 0:00:00,11.81236122,0.2834966692
1639094400,2021-12-10 0:00:00,11.62809907,0.2790743776
1639180800,2021-12-11 0:00:00,11.61013185,0.2786431644
1639267200,2021-12-12 0:00:00,11.40309794,0.2736743505
1639353600,2021-12-13 0:00:00,11.14442581,0.2674662194
1639440000,2021-12-14 0:00:00,11.14938433,0.267585224
1639526400,2021-12-15 0:00:00,10.99620921,0.2639090211
1639612800,2021-12-16 0:00:00,10.61052322,0.2546525573
1639699200,2021-12-17 0:00:00,10.66477274,0.2559545458
1639785600,2021-12-18 0:00:00,10.45982508,0.2510358019
1639872000,2021-12-19 0:00:00,10.55767491,0.2533841978
1639958400,2021-12-20 0:00:00,10.59030056,0.2541672134
1640044800,2021-12-21 0:00:00,10.73164222,0.2575594132
1640131200,2021-12-22 0:00:00,10.80775969,0.2593862327
1640217600,2021-12-23 0:00:00,11.21006135,0.2690414725
1640304000,2021-12-24 0:00:00,11.23181179,0.2695634829
1640390400,2021-12-25 0:00:00,11.4416863,0.2746004711
1640476800,2021-12-26 0:00:00,11.28323177,0.2707975624
1640563200,2021-12-27 0:00:00,11.33184028,0.2719641667
1640649600,2021-12-28 0:00:00,11.04291027,0.2650298464
1640736000,2021-12-29 0:00:00,11.0153109,0.2643674616
1640822400,2021-12-30 0:00:00,10.66062334,0.2558549603
1640908800,2021-12-31 0:00:00,10.6440348,0.2554568351