"timestamp","usd_hashprice","btc_hashprice"
"2023-11-14T00:00:00+00:00","0.08055","0.00000221"
"2023-11-13T00:00:00+00:00","0.08121","0.00000220"
"2023-11-12T00:00:00+00:00","0.08227","0.00000222"
"2023-11-11T00:00:00+00:00","0.08473","0.00000228"
"2023-11-10T00:00:00+00:00","0.09172","0.00000248"
"2023-11-09T00:00:00+00:00","0.08764","0.00000239"
"2023-11-08T00:00:00+00:00","0.07966","0.00000225"
"2023-11-07T00:00:00+00:00","0.07714","0.00000221"
"2023-11-06T00:00:00+00:00","0.07568","0.00000216"
"2023-11-05T00:00:00+00:00","0.07600","0.00000217"
"2023-11-04T00:00:00+00:00","0.07431","0.00000214"
"2023-11-03T00:00:00+00:00","0.07142","0.00000207"
"2023-11-02T00:00:00+00:00","0.07260","0.00000206"
"2023-11-01T00:00:00+00:00","0.07112","0.00000206"
"2023-10-31T00:00:00+00:00","0.07052","0.00000205"
"2023-10-30T00:00:00+00:00","0.07071","0.00000205"
"2023-10-29T00:00:00+00:00","0.07193","0.00000210"
"2023-10-28T00:00:00+00:00","0.07182","0.00000211"
"2023-10-27T00:00:00+00:00","0.07210","0.00000212"
"2023-10-26T00:00:00+00:00","0.07337","0.00000214"
"2023-10-25T00:00:00+00:00","0.07419","0.00000216"
"2023-10-24T00:00:00+00:00","0.07227","0.00000212"
"2023-10-23T00:00:00+00:00","0.06456","0.00000209"
"2023-10-22T00:00:00+00:00","0.06256","0.00000209"
"2023-10-21T00:00:00+00:00","0.06266","0.00000210"
"2023-10-20T00:00:00+00:00","0.06211","0.00000211"
"2023-10-19T00:00:00+00:00","0.05985","0.00000210"
"2023-10-18T00:00:00+00:00","0.05973","0.00000210"
"2023-10-17T00:00:00+00:00","0.05981","0.00000211"
"2023-10-16T00:00:00+00:00","0.06020","0.00000216"
"2023-10-15T00:00:00+00:00","0.05979","0.00000222"
"2023-10-14T00:00:00+00:00","0.06018","0.00000224"
"2023-10-13T00:00:00+00:00","0.06031","0.00000225"
"2023-10-12T00:00:00+00:00","0.06010","0.00000225"
"2023-10-11T00:00:00+00:00","0.06032","0.00000223"
"2023-10-10T00:00:00+00:00","0.06152","0.00000223"
"2023-10-09T00:00:00+00:00","0.06180","0.00000223"
"2023-10-08T00:00:00+00:00","0.06255","0.00000224"
"2023-10-07T00:00:00+00:00","0.06414","0.00000230"
"2023-10-06T00:00:00+00:00","0.06300","0.00000227"
"2023-10-05T00:00:00+00:00","0.06259","0.00000226"
"2023-10-04T00:00:00+00:00","0.06227","0.00000226"
"2023-10-03T00:00:00+00:00","0.06201","0.00000226"
"2023-10-02T00:00:00+00:00","0.06318","0.00000225"
"2023-10-01T00:00:00+00:00","0.06121","0.00000225"
"2023-09-30T00:00:00+00:00","0.06111","0.00000227"
"2023-09-29T00:00:00+00:00","0.06121","0.00000227"
"2023-09-28T00:00:00+00:00","0.06065","0.00000227"
"2023-09-27T00:00:00+00:00","0.05970","0.00000227"
"2023-09-26T00:00:00+00:00","0.05973","0.00000228"
"2023-09-25T00:00:00+00:00","0.05984","0.00000228"
"2023-09-24T00:00:00+00:00","0.06122","0.00000231"
"2023-09-23T00:00:00+00:00","0.06176","0.00000232"
"2023-09-22T00:00:00+00:00","0.06171","0.00000232"
"2023-09-21T00:00:00+00:00","0.06214","0.00000232"
"2023-09-20T00:00:00+00:00","0.06287","0.00000232"
"2023-09-19T00:00:00+00:00","0.06397","0.00000237"
"2023-09-18T00:00:00+00:00","0.06479","0.00000241"
"2023-09-17T00:00:00+00:00","0.06337","0.00000239"
"2023-09-16T00:00:00+00:00","0.06337","0.00000239"
"2023-09-15T00:00:00+00:00","0.06331","0.00000239"
"2023-09-14T00:00:00+00:00","0.06337","0.00000240"
"2023-09-13T00:00:00+00:00","0.06275","0.00000241"
"2023-09-12T00:00:00+00:00","0.06205","0.00000240"
"2023-09-11T00:00:00+00:00","0.06194","0.00000243"
"2023-09-10T00:00:00+00:00","0.06216","0.00000241"
"2023-09-09T00:00:00+00:00","0.06259","0.00000242"
"2023-09-08T00:00:00+00:00","0.06257","0.00000240"
"2023-09-07T00:00:00+00:00","0.06215","0.00000241"
"2023-09-06T00:00:00+00:00","0.06154","0.00000239"
"2023-09-05T00:00:00+00:00","0.05972","0.00000232"
"2023-09-04T00:00:00+00:00","0.05980","0.00000231"
"2023-09-03T00:00:00+00:00","0.05987","0.00000231"
"2023-09-02T00:00:00+00:00","0.05990","0.00000232"
"2023-09-01T00:00:00+00:00","0.06019","0.00000232"
"2023-08-31T00:00:00+00:00","0.06240","0.00000232"
"2023-08-30T00:00:00+00:00","0.06326","0.00000231"
"2023-08-29T00:00:00+00:00","0.06165","0.00000231"
"2023-08-28T00:00:00+00:00","0.05998","0.00000230"
"2023-08-27T00:00:00+00:00","0.06002","0.00000230"
"2023-08-26T00:00:00+00:00","0.06008","0.00000231"
"2023-08-25T00:00:00+00:00","0.06006","0.00000231"
"2023-08-24T00:00:00+00:00","0.06069","0.00000231"
"2023-08-23T00:00:00+00:00","0.06040","0.00000231"
"2023-08-22T00:00:00+00:00","0.06243","0.00000240"
"2023-08-21T00:00:00+00:00","0.06351","0.00000244"
"2023-08-20T00:00:00+00:00","0.06366","0.00000244"
"2023-08-19T00:00:00+00:00","0.06391","0.00000246"
"2023-08-18T00:00:00+00:00","0.06451","0.00000245"
"2023-08-17T00:00:00+00:00","0.06881","0.00000244"
"2023-08-16T00:00:00+00:00","0.07111","0.00000244"
"2023-08-15T00:00:00+00:00","0.07151","0.00000244"
"2023-08-14T00:00:00+00:00","0.07163","0.00000244"
"2023-08-13T00:00:00+00:00","0.07174","0.00000244"
"2023-08-12T00:00:00+00:00","0.07212","0.00000245"
"2023-08-11T00:00:00+00:00","0.07245","0.00000247"
"2023-08-10T00:00:00+00:00","0.07277","0.00000247"
"2023-08-09T00:00:00+00:00","0.07366","0.00000248"
"2023-08-08T00:00:00+00:00","0.07290","0.00000248"
"2023-08-07T00:00:00+00:00","0.07109","0.00000245"
"2023-08-06T00:00:00+00:00","0.07106","0.00000245"
"2023-08-05T00:00:00+00:00","0.07164","0.00000247"
"2023-08-04T00:00:00+00:00","0.07197","0.00000247"
"2023-08-03T00:00:00+00:00","0.07164","0.00000246"
"2023-08-02T00:00:00+00:00","0.07218","0.00000245"
"2023-08-01T00:00:00+00:00","0.07114","0.00000245"
"2023-07-31T00:00:00+00:00","0.07161","0.00000244"
"2023-07-30T00:00:00+00:00","0.07172","0.00000245"
"2023-07-29T00:00:00+00:00","0.07200","0.00000245"
"2023-07-28T00:00:00+00:00","0.07196","0.00000246"
"2023-07-27T00:00:00+00:00","0.07212","0.00000246"
"2023-07-26T00:00:00+00:00","0.07075","0.00000242"
"2023-07-25T00:00:00+00:00","0.06957","0.00000238"
"2023-07-24T00:00:00+00:00","0.07065","0.00000240"
"2023-07-23T00:00:00+00:00","0.07301","0.00000244"
"2023-07-22T00:00:00+00:00","0.07225","0.00000242"
"2023-07-21T00:00:00+00:00","0.07178","0.00000240"
"2023-07-20T00:00:00+00:00","0.07154","0.00000239"
"2023-07-19T00:00:00+00:00","0.07129","0.00000238"
"2023-07-18T00:00:00+00:00","0.07116","0.00000238"
"2023-07-17T00:00:00+00:00","0.07162","0.00000237"
"2023-07-16T00:00:00+00:00","0.07189","0.00000237"
"2023-07-15T00:00:00+00:00","0.07238","0.00000239"
"2023-07-14T00:00:00+00:00","0.07430","0.00000240"
"2023-07-13T00:00:00+00:00","0.07321","0.00000238"
"2023-07-12T00:00:00+00:00","0.07330","0.00000240"
"2023-07-11T00:00:00+00:00","0.07704","0.00000253"
"2023-07-10T00:00:00+00:00","0.07618","0.00000252"
"2023-07-09T00:00:00+00:00","0.07603","0.00000251"
"2023-07-08T00:00:00+00:00","0.07603","0.00000252"
"2023-07-07T00:00:00+00:00","0.07640","0.00000253"
"2023-07-06T00:00:00+00:00","0.07746","0.00000254"
"2023-07-05T00:00:00+00:00","0.07767","0.00000254"
"2023-07-04T00:00:00+00:00","0.07919","0.00000256"
"2023-07-03T00:00:00+00:00","0.07836","0.00000254"
"2023-07-02T00:00:00+00:00","0.07778","0.00000255"
"2023-07-01T00:00:00+00:00","0.07835","0.00000257"
"2023-06-30T00:00:00+00:00","0.07858","0.00000257"
"2023-06-29T00:00:00+00:00","0.07879","0.00000259"
"2023-06-28T00:00:00+00:00","0.07569","0.00000250"
"2023-06-27T00:00:00+00:00","0.07594","0.00000249"
"2023-06-26T00:00:00+00:00","0.07500","0.00000248"
"2023-06-25T00:00:00+00:00","0.07602","0.00000248"
"2023-06-24T00:00:00+00:00","0.07689","0.00000251"
"2023-06-23T00:00:00+00:00","0.07636","0.00000252"
"2023-06-22T00:00:00+00:00","0.07652","0.00000254"
"2023-06-21T00:00:00+00:00","0.07383","0.00000252"
"2023-06-20T00:00:00+00:00","0.06784","0.00000249"
"2023-06-19T00:00:00+00:00","0.06570","0.00000248"
"2023-06-18T00:00:00+00:00","0.06612","0.00000249"
"2023-06-17T00:00:00+00:00","0.06696","0.00000253"
"2023-06-16T00:00:00+00:00","0.06457","0.00000251"
"2023-06-15T00:00:00+00:00","0.06312","0.00000251"
"2023-06-14T00:00:00+00:00","0.06546","0.00000253"
"2023-06-13T00:00:00+00:00","0.06660","0.00000256"
"2023-06-12T00:00:00+00:00","0.06593","0.00000255"
"2023-06-11T00:00:00+00:00","0.06587","0.00000255"
"2023-06-10T00:00:00+00:00","0.06776","0.00000262"
"2023-06-09T00:00:00+00:00","0.06940","0.00000262"
"2023-06-08T00:00:00+00:00","0.07079","0.00000267"
"2023-06-07T00:00:00+00:00","0.07314","0.00000273"
"2023-06-06T00:00:00+00:00","0.06902","0.00000264"
"2023-06-05T00:00:00+00:00","0.06784","0.00000257"
"2023-06-04T00:00:00+00:00","0.06996","0.00000257"
"2023-06-03T00:00:00+00:00","0.07084","0.00000261"
"2023-06-02T00:00:00+00:00","0.07165","0.00000265"
"2023-06-01T00:00:00+00:00","0.07151","0.00000266"
"2023-05-31T00:00:00+00:00","0.07402","0.00000272"
"2023-05-30T00:00:00+00:00","0.07600","0.00000273"
"2023-05-29T00:00:00+00:00","0.07534","0.00000270"
"2023-05-28T00:00:00+00:00","0.07371","0.00000270"
"2023-05-27T00:00:00+00:00","0.07358","0.00000275"
"2023-05-26T00:00:00+00:00","0.07446","0.00000280"
"2023-05-25T00:00:00+00:00","0.07240","0.00000275"
"2023-05-24T00:00:00+00:00","0.07265","0.00000273"
"2023-05-23T00:00:00+00:00","0.07422","0.00000272"
"2023-05-22T00:00:00+00:00","0.07318","0.00000273"
"2023-05-21T00:00:00+00:00","0.07429","0.00000275"
"2023-05-20T00:00:00+00:00","0.07630","0.00000283"
"2023-05-19T00:00:00+00:00","0.07730","0.00000288"
"2023-05-18T00:00:00+00:00","0.07652","0.00000282"
"2023-05-17T00:00:00+00:00","0.07779","0.00000288"
"2023-05-16T00:00:00+00:00","0.07882","0.00000291"
"2023-05-15T00:00:00+00:00","0.07717","0.00000282"
"2023-05-14T00:00:00+00:00","0.07782","0.00000290"
"2023-05-13T00:00:00+00:00","0.08152","0.00000304"
"2023-05-12T00:00:00+00:00","0.08353","0.00000315"
"2023-05-11T00:00:00+00:00","0.08757","0.00000321"
"2023-05-10T00:00:00+00:00","0.10226","0.00000368"
"2023-05-09T00:00:00+00:00","0.11598","0.00000418"
"2023-05-08T00:00:00+00:00","0.12164","0.00000433"
"2023-05-07T00:00:00+00:00","0.09551","0.00000329"
"2023-05-06T00:00:00+00:00","0.09137","0.00000313"
"2023-05-05T00:00:00+00:00","0.08833","0.00000301"
"2023-05-04T00:00:00+00:00","0.08388","0.00000289"
"2023-05-03T00:00:00+00:00","0.08498","0.00000297"
"2023-05-02T00:00:00+00:00","0.07947","0.00000281"
"2023-05-01T00:00:00+00:00","0.07740","0.00000272"
"2023-04-30T00:00:00+00:00","0.07953","0.00000271"
"2023-04-29T00:00:00+00:00","0.07957","0.00000271"
"2023-04-28T00:00:00+00:00","0.07953","0.00000271"
"2023-04-27T00:00:00+00:00","0.07873","0.00000270"
"2023-04-26T00:00:00+00:00","0.07696","0.00000267"
"2023-04-25T00:00:00+00:00","0.07316","0.00000266"
"2023-04-24T00:00:00+00:00","0.07223","0.00000263"
"2023-04-23T00:00:00+00:00","0.07233","0.00000262"
"2023-04-22T00:00:00+00:00","0.07234","0.00000264"
"2023-04-21T00:00:00+00:00","0.07417","0.00000265"
"2023-04-20T00:00:00+00:00","0.07631","0.00000266"
"2023-04-19T00:00:00+00:00","0.07931","0.00000268"
"2023-04-18T00:00:00+00:00","0.08030","0.00000268"
"2023-04-17T00:00:00+00:00","0.07956","0.00000268"
"2023-04-16T00:00:00+00:00","0.08133","0.00000268"
"2023-04-15T00:00:00+00:00","0.08195","0.00000270"
"2023-04-14T00:00:00+00:00","0.08262","0.00000270"
"2023-04-13T00:00:00+00:00","0.08157","0.00000270"
"2023-04-12T00:00:00+00:00","0.08106","0.00000270"
"2023-04-11T00:00:00+00:00","0.08153","0.00000271"
"2023-04-10T00:00:00+00:00","0.07682","0.00000268"
"2023-04-09T00:00:00+00:00","0.07508","0.00000268"
"2023-04-08T00:00:00+00:00","0.07553","0.00000270"
"2023-04-07T00:00:00+00:00","0.07577","0.00000271"
"2023-04-06T00:00:00+00:00","0.07720","0.00000276"
"2023-04-05T00:00:00+00:00","0.07876","0.00000278"
"2023-04-04T00:00:00+00:00","0.07804","0.00000278"
"2023-04-03T00:00:00+00:00","0.07720","0.00000276"
"2023-04-02T00:00:00+00:00","0.07813","0.00000276"
"2023-04-01T00:00:00+00:00","0.07956","0.00000280"
"2023-03-31T00:00:00+00:00","0.07785","0.00000276"
"2023-03-30T00:00:00+00:00","0.07844","0.00000276"
"2023-03-29T00:00:00+00:00","0.07780","0.00000277"
"2023-03-28T00:00:00+00:00","0.07473","0.00000276"
"2023-03-27T00:00:00+00:00","0.07576","0.00000275"
"2023-03-26T00:00:00+00:00","0.07654","0.00000276"
"2023-03-25T00:00:00+00:00","0.07686","0.00000279"
"2023-03-24T00:00:00+00:00","0.07809","0.00000279"
"2023-03-23T00:00:00+00:00","0.08285","0.00000298"
"2023-03-22T00:00:00+00:00","0.08373","0.00000298"
"2023-03-21T00:00:00+00:00","0.08345","0.00000298"
"2023-03-20T00:00:00+00:00","0.08311","0.00000298"
"2023-03-19T00:00:00+00:00","0.08176","0.00000297"
"2023-03-18T00:00:00+00:00","0.08249","0.00000301"
"2023-03-17T00:00:00+00:00","0.07928","0.00000301"
"2023-03-16T00:00:00+00:00","0.07400","0.00000299"
"2023-03-15T00:00:00+00:00","0.07421","0.00000301"
"2023-03-14T00:00:00+00:00","0.07415","0.00000298"
"2023-03-13T00:00:00+00:00","0.06825","0.00000296"
"2023-03-12T00:00:00+00:00","0.06147","0.00000295"
"2023-03-11T00:00:00+00:00","0.06101","0.00000299"
"2023-03-10T00:00:00+00:00","0.06143","0.00000308"
"2023-03-09T00:00:00+00:00","0.06518","0.00000304"
"2023-03-08T00:00:00+00:00","0.06605","0.00000300"
"2023-03-07T00:00:00+00:00","0.06703","0.00000300"
"2023-03-06T00:00:00+00:00","0.06683","0.00000298"
"2023-03-05T00:00:00+00:00","0.06669","0.00000297"
"2023-03-04T00:00:00+00:00","0.06681","0.00000299"
"2023-03-03T00:00:00+00:00","0.06734","0.00000300"
"2023-03-02T00:00:00+00:00","0.06998","0.00000299"
"2023-03-01T00:00:00+00:00","0.07091","0.00000300"
"2023-02-28T00:00:00+00:00","0.07016","0.00000300"
"2023-02-27T00:00:00+00:00","0.06965","0.00000297"
"2023-02-26T00:00:00+00:00","0.06924","0.00000298"
"2023-02-25T00:00:00+00:00","0.06934","0.00000301"
"2023-02-24T00:00:00+00:00","0.07735","0.00000327"
"2023-02-23T00:00:00+00:00","0.07893","0.00000327"
"2023-02-22T00:00:00+00:00","0.07856","0.00000327"
"2023-02-21T00:00:00+00:00","0.08074","0.00000327"
"2023-02-20T00:00:00+00:00","0.08054","0.00000327"
"2023-02-19T00:00:00+00:00","0.08045","0.00000326"
"2023-02-18T00:00:00+00:00","0.08077","0.00000328"
"2023-02-17T00:00:00+00:00","0.07927","0.00000330"
"2023-02-16T00:00:00+00:00","0.08134","0.00000330"
"2023-02-15T00:00:00+00:00","0.07527","0.00000332"
"2023-02-14T00:00:00+00:00","0.07212","0.00000329"
"2023-02-13T00:00:00+00:00","0.07111","0.00000328"
"2023-02-12T00:00:00+00:00","0.07157","0.00000327"
"2023-02-11T00:00:00+00:00","0.07136","0.00000329"
"2023-02-10T00:00:00+00:00","0.07115","0.00000327"
"2023-02-09T00:00:00+00:00","0.07355","0.00000326"
"2023-02-08T00:00:00+00:00","0.07544","0.00000327"
"2023-02-07T00:00:00+00:00","0.07518","0.00000327"
"2023-02-06T00:00:00+00:00","0.07453","0.00000325"
"2023-02-05T00:00:00+00:00","0.07535","0.00000325"
"2023-02-04T00:00:00+00:00","0.07700","0.00000329"
"2023-02-03T00:00:00+00:00","0.07686","0.00000327"
"2023-02-02T00:00:00+00:00","0.07792","0.00000327"
"2023-02-01T00:00:00+00:00","0.07593","0.00000328"
"2023-01-31T00:00:00+00:00","0.07471","0.00000325"
"2023-01-30T00:00:00+00:00","0.07508","0.00000323"
"2023-01-29T00:00:00+00:00","0.07648","0.00000326"
"2023-01-28T00:00:00+00:00","0.07816","0.00000339"
"2023-01-27T00:00:00+00:00","0.07791","0.00000339"
"2023-01-26T00:00:00+00:00","0.07804","0.00000338"
"2023-01-25T00:00:00+00:00","0.07717","0.00000340"
"2023-01-24T00:00:00+00:00","0.07811","0.00000340"
"2023-01-23T00:00:00+00:00","0.07751","0.00000339"
"2023-01-22T00:00:00+00:00","0.07746","0.00000340"
"2023-01-21T00:00:00+00:00","0.07836","0.00000342"
"2023-01-20T00:00:00+00:00","0.07266","0.00000341"
"2023-01-19T00:00:00+00:00","0.07098","0.00000340"
"2023-01-18T00:00:00+00:00","0.07177","0.00000340"
"2023-01-17T00:00:00+00:00","0.07175","0.00000339"
"2023-01-16T00:00:00+00:00","0.07096","0.00000337"
"2023-01-15T00:00:00+00:00","0.07651","0.00000368"
"2023-01-14T00:00:00+00:00","0.07800","0.00000375"
"2023-01-13T00:00:00+00:00","0.07160","0.00000375"
"2023-01-12T00:00:00+00:00","0.06870","0.00000375"
"2023-01-11T00:00:00+00:00","0.06508","0.00000373"
"2023-01-10T00:00:00+00:00","0.06447","0.00000373"
"2023-01-09T00:00:00+00:00","0.06412","0.00000372"
"2023-01-08T00:00:00+00:00","0.06298","0.00000372"
"2023-01-07T00:00:00+00:00","0.06301","0.00000372"
"2023-01-06T00:00:00+00:00","0.06292","0.00000374"
"2023-01-05T00:00:00+00:00","0.06302","0.00000375"
"2023-01-04T00:00:00+00:00","0.06296","0.00000374"
"2023-01-03T00:00:00+00:00","0.06177","0.00000370"
"2023-01-02T00:00:00+00:00","0.05977","0.00000358"
"2023-01-01T00:00:00+00:00","0.05942","0.00000359"
"2022-12-31T00:00:00+00:00","0.05984","0.00000361"
"2022-12-30T00:00:00+00:00","0.06016","0.00000364"
"2022-12-29T00:00:00+00:00","0.06027","0.00000363"
"2022-12-28T00:00:00+00:00","0.06062","0.00000365"
"2022-12-27T00:00:00+00:00","0.06126","0.00000365"
"2022-12-26T00:00:00+00:00","0.06093","0.00000362"
"2022-12-25T00:00:00+00:00","0.06118","0.00000364"
"2022-12-24T00:00:00+00:00","0.06131","0.00000364"
"2022-12-23T00:00:00+00:00","0.06097","0.00000362"
"2022-12-22T00:00:00+00:00","0.06079","0.00000362"
"2022-12-21T00:00:00+00:00","0.06105","0.00000363"
"2022-12-20T00:00:00+00:00","0.06096","0.00000363"
"2022-12-19T00:00:00+00:00","0.06146","0.00000368"
"2022-12-18T00:00:00+00:00","0.06245","0.00000373"
"2022-12-17T00:00:00+00:00","0.06273","0.00000376"
"2022-12-16T00:00:00+00:00","0.06393","0.00000374"
"2022-12-15T00:00:00+00:00","0.06595","0.00000375"
"2022-12-14T00:00:00+00:00","0.06644","0.00000372"
"2022-12-13T00:00:00+00:00","0.06510","0.00000373"
"2022-12-12T00:00:00+00:00","0.06305","0.00000371"
"2022-12-11T00:00:00+00:00","0.06365","0.00000371"
"2022-12-10T00:00:00+00:00","0.06390","0.00000372"
"2022-12-09T00:00:00+00:00","0.06401","0.00000372"
"2022-12-08T00:00:00+00:00","0.06309","0.00000373"
"2022-12-07T00:00:00+00:00","0.06342","0.00000376"
"2022-12-06T00:00:00+00:00","0.06345","0.00000373"
"2022-12-05T00:00:00+00:00","0.05967","0.00000347"
"2022-12-04T00:00:00+00:00","0.05927","0.00000348"
"2022-12-03T00:00:00+00:00","0.05981","0.00000352"
"2022-12-02T00:00:00+00:00","0.05970","0.00000352"
"2022-12-01T00:00:00+00:00","0.05984","0.00000351"
"2022-11-30T00:00:00+00:00","0.05905","0.00000349"
"2022-11-29T00:00:00+00:00","0.05738","0.00000350"
"2022-11-28T00:00:00+00:00","0.05640","0.00000348"
"2022-11-27T00:00:00+00:00","0.05782","0.00000350"
"2022-11-26T00:00:00+00:00","0.05841","0.00000353"
"2022-11-25T00:00:00+00:00","0.05787","0.00000351"
"2022-11-24T00:00:00+00:00","0.05845","0.00000352"
"2022-11-23T00:00:00+00:00","0.05788","0.00000352"
"2022-11-22T00:00:00+00:00","0.05592","0.00000351"
"2022-11-21T00:00:00+00:00","0.05586","0.00000349"
"2022-11-20T00:00:00+00:00","0.05791","0.00000350"
"2022-11-19T00:00:00+00:00","0.05925","0.00000356"
"2022-11-18T00:00:00+00:00","0.05983","0.00000358"
"2022-11-17T00:00:00+00:00","0.05892","0.00000355"
"2022-11-16T00:00:00+00:00","0.05920","0.00000355"
"2022-11-15T00:00:00+00:00","0.05953","0.00000354"
"2022-11-14T00:00:00+00:00","0.05750","0.00000350"
"2022-11-13T00:00:00+00:00","0.05787","0.00000348"
"2022-11-12T00:00:00+00:00","0.05857","0.00000348"
"2022-11-11T00:00:00+00:00","0.06000","0.00000352"
"2022-11-10T00:00:00+00:00","0.05945","0.00000351"
"2022-11-09T00:00:00+00:00","0.06122","0.00000350"
"2022-11-08T00:00:00+00:00","0.06830","0.00000349"
"2022-11-07T00:00:00+00:00","0.07212","0.00000347"
"2022-11-06T00:00:00+00:00","0.07354","0.00000347"
"2022-11-05T00:00:00+00:00","0.07443","0.00000349"
"2022-11-04T00:00:00+00:00","0.07208","0.00000348"
"2022-11-03T00:00:00+00:00","0.07060","0.00000349"
"2022-11-02T00:00:00+00:00","0.07085","0.00000347"
"2022-11-01T00:00:00+00:00","0.07104","0.00000346"
"2022-10-31T00:00:00+00:00","0.07104","0.00000346"
"2022-10-30T00:00:00+00:00","0.07187","0.00000347"
"2022-10-29T00:00:00+00:00","0.07221","0.00000347"
"2022-10-28T00:00:00+00:00","0.07096","0.00000348"
"2022-10-27T00:00:00+00:00","0.07189","0.00000349"
"2022-10-26T00:00:00+00:00","0.07194","0.00000350"
"2022-10-25T00:00:00+00:00","0.06789","0.00000346"
"2022-10-24T00:00:00+00:00","0.06679","0.00000345"
"2022-10-23T00:00:00+00:00","0.06861","0.00000356"
"2022-10-22T00:00:00+00:00","0.06849","0.00000357"
"2022-10-21T00:00:00+00:00","0.06819","0.00000358"
"2022-10-20T00:00:00+00:00","0.06856","0.00000359"
"2022-10-19T00:00:00+00:00","0.06911","0.00000360"
"2022-10-18T00:00:00+00:00","0.06990","0.00000359"
"2022-10-17T00:00:00+00:00","0.06924","0.00000357"
"2022-10-16T00:00:00+00:00","0.06825","0.00000356"
"2022-10-15T00:00:00+00:00","0.06848","0.00000358"
"2022-10-14T00:00:00+00:00","0.06999","0.00000359"
"2022-10-13T00:00:00+00:00","0.06812","0.00000358"
"2022-10-12T00:00:00+00:00","0.06815","0.00000356"
"2022-10-11T00:00:00+00:00","0.06787","0.00000356"
"2022-10-10T00:00:00+00:00","0.07299","0.00000378"
"2022-10-09T00:00:00+00:00","0.07839","0.00000403"
"2022-10-08T00:00:00+00:00","0.07875","0.00000404"
"2022-10-07T00:00:00+00:00","0.08009","0.00000405"
"2022-10-06T00:00:00+00:00","0.08160","0.00000405"
"2022-10-05T00:00:00+00:00","0.08137","0.00000404"
"2022-10-04T00:00:00+00:00","0.08082","0.00000405"
"2022-10-03T00:00:00+00:00","0.07822","0.00000405"
"2022-10-02T00:00:00+00:00","0.07783","0.00000405"
"2022-10-01T00:00:00+00:00","0.07856","0.00000406"
"2022-09-30T00:00:00+00:00","0.07955","0.00000407"
"2022-09-29T00:00:00+00:00","0.07892","0.00000407"
"2022-09-28T00:00:00+00:00","0.07781","0.00000407"
"2022-09-27T00:00:00+00:00","0.07885","0.00000400"
"2022-09-26T00:00:00+00:00","0.07562","0.00000398"
"2022-09-25T00:00:00+00:00","0.07528","0.00000397"
"2022-09-24T00:00:00+00:00","0.07607","0.00000399"
"2022-09-23T00:00:00+00:00","0.07609","0.00000399"
"2022-09-22T00:00:00+00:00","0.07566","0.00000399"
"2022-09-21T00:00:00+00:00","0.07574","0.00000398"
"2022-09-20T00:00:00+00:00","0.07643","0.00000398"
"2022-09-19T00:00:00+00:00","0.07559","0.00000398"
"2022-09-18T00:00:00+00:00","0.07895","0.00000398"
"2022-09-17T00:00:00+00:00","0.07992","0.00000401"
"2022-09-16T00:00:00+00:00","0.07882","0.00000400"
"2022-09-15T00:00:00+00:00","0.07994","0.00000400"
"2022-09-14T00:00:00+00:00","0.08102","0.00000401"
"2022-09-13T00:00:00+00:00","0.08814","0.00000409"
"2022-09-12T00:00:00+00:00","0.09085","0.00000411"
"2022-09-11T00:00:00+00:00","0.08863","0.00000410"
"2022-09-10T00:00:00+00:00","0.08811","0.00000412"
"2022-09-09T00:00:00+00:00","0.08576","0.00000414"
"2022-09-08T00:00:00+00:00","0.07956","0.00000413"
"2022-09-07T00:00:00+00:00","0.07805","0.00000413"
"2022-09-06T00:00:00+00:00","0.08076","0.00000412"
"2022-09-05T00:00:00+00:00","0.08129","0.00000411"
"2022-09-04T00:00:00+00:00","0.08122","0.00000410"
"2022-09-03T00:00:00+00:00","0.08237","0.00000415"
"2022-09-02T00:00:00+00:00","0.08304","0.00000413"
"2022-09-01T00:00:00+00:00","0.08239","0.00000413"
"2022-08-31T00:00:00+00:00","0.08515","0.00000421"
"2022-08-30T00:00:00+00:00","0.09036","0.00000449"
"2022-08-29T00:00:00+00:00","0.08942","0.00000448"
"2022-08-28T00:00:00+00:00","0.08931","0.00000447"
"2022-08-27T00:00:00+00:00","0.09027","0.00000449"
"2022-08-26T00:00:00+00:00","0.09478","0.00000448"
"2022-08-25T00:00:00+00:00","0.09682","0.00000448"
"2022-08-24T00:00:00+00:00","0.09622","0.00000448"
"2022-08-23T00:00:00+00:00","0.09598","0.00000449"
"2022-08-22T00:00:00+00:00","0.09518","0.00000448"
"2022-08-21T00:00:00+00:00","0.09565","0.00000448"
"2022-08-20T00:00:00+00:00","0.09494","0.00000448"
"2022-08-19T00:00:00+00:00","0.09819","0.00000450"
"2022-08-18T00:00:00+00:00","0.10602","0.00000453"
"2022-08-17T00:00:00+00:00","0.10739","0.00000453"
"2022-08-16T00:00:00+00:00","0.10832","0.00000452"
"2022-08-15T00:00:00+00:00","0.10931","0.00000450"
"2022-08-14T00:00:00+00:00","0.11074","0.00000452"
"2022-08-13T00:00:00+00:00","0.11125","0.00000453"
"2022-08-12T00:00:00+00:00","0.10914","0.00000455"
"2022-08-11T00:00:00+00:00","0.11105","0.00000456"
"2022-08-10T00:00:00+00:00","0.10701","0.00000457"
"2022-08-09T00:00:00+00:00","0.10678","0.00000456"
"2022-08-08T00:00:00+00:00","0.10758","0.00000452"
"2022-08-07T00:00:00+00:00","0.10416","0.00000451"
"2022-08-06T00:00:00+00:00","0.10549","0.00000455"
"2022-08-05T00:00:00+00:00","0.10493","0.00000455"
"2022-08-04T00:00:00+00:00","0.10492","0.00000459"
"2022-08-03T00:00:00+00:00","0.10701","0.00000462"
"2022-08-02T00:00:00+00:00","0.10581","0.00000461"
"2022-08-01T00:00:00+00:00","0.10694","0.00000460"
"2022-07-31T00:00:00+00:00","0.10925","0.00000460"
"2022-07-30T00:00:00+00:00","0.11087","0.00000461"
"2022-07-29T00:00:00+00:00","0.11035","0.00000462"
"2022-07-28T00:00:00+00:00","0.10744","0.00000461"
"2022-07-27T00:00:00+00:00","0.09962","0.00000460"
"2022-07-26T00:00:00+00:00","0.09681","0.00000460"
"2022-07-25T00:00:00+00:00","0.10082","0.00000459"
"2022-07-24T00:00:00+00:00","0.10407","0.00000459"
"2022-07-23T00:00:00+00:00","0.10442","0.00000464"
"2022-07-22T00:00:00+00:00","0.10790","0.00000466"
"2022-07-21T00:00:00+00:00","0.10338","0.00000451"
"2022-07-20T00:00:00+00:00","0.10463","0.00000444"
"2022-07-19T00:00:00+00:00","0.10015","0.00000445"
"2022-07-18T00:00:00+00:00","0.09622","0.00000441"
"2022-07-17T00:00:00+00:00","0.09334","0.00000440"
"2022-07-16T00:00:00+00:00","0.09224","0.00000442"
"2022-07-15T00:00:00+00:00","0.09269","0.00000446"
"2022-07-14T00:00:00+00:00","0.09031","0.00000448"
"2022-07-13T00:00:00+00:00","0.08637","0.00000441"
"2022-07-12T00:00:00+00:00","0.08686","0.00000440"
"2022-07-11T00:00:00+00:00","0.08964","0.00000438"
"2022-07-10T00:00:00+00:00","0.09250","0.00000438"
"2022-07-09T00:00:00+00:00","0.09541","0.00000441"
"2022-07-08T00:00:00+00:00","0.09616","0.00000442"
"2022-07-07T00:00:00+00:00","0.09205","0.00000443"
"2022-07-06T00:00:00+00:00","0.08814","0.00000437"
"2022-07-05T00:00:00+00:00","0.08664","0.00000433"
"2022-07-04T00:00:00+00:00","0.08387","0.00000430"
"2022-07-03T00:00:00+00:00","0.08245","0.00000431"
"2022-07-02T00:00:00+00:00","0.08342","0.00000434"
"2022-07-01T00:00:00+00:00","0.08450","0.00000433"
"2022-06-30T00:00:00+00:00","0.08338","0.00000431"
"2022-06-29T00:00:00+00:00","0.08689","0.00000432"
"2022-06-28T00:00:00+00:00","0.08934","0.00000432"
"2022-06-27T00:00:00+00:00","0.09079","0.00000431"
"2022-06-26T00:00:00+00:00","0.09225","0.00000432"
"2022-06-25T00:00:00+00:00","0.09186","0.00000432"
"2022-06-24T00:00:00+00:00","0.09117","0.00000432"
"2022-06-23T00:00:00+00:00","0.08891","0.00000433"
"2022-06-22T00:00:00+00:00","0.08631","0.00000425"
"2022-06-21T00:00:00+00:00","0.08872","0.00000423"
"2022-06-20T00:00:00+00:00","0.08558","0.00000422"
"2022-06-19T00:00:00+00:00","0.08147","0.00000423"
"2022-06-18T00:00:00+00:00","0.08242","0.00000426"
"2022-06-17T00:00:00+00:00","0.08854","0.00000428"
"2022-06-16T00:00:00+00:00","0.09133","0.00000426"
"2022-06-15T00:00:00+00:00","0.09110","0.00000427"
"2022-06-14T00:00:00+00:00","0.09489","0.00000428"
"2022-06-13T00:00:00+00:00","0.10244","0.00000423"
"2022-06-12T00:00:00+00:00","0.11597","0.00000420"
"2022-06-11T00:00:00+00:00","0.12149","0.00000421"
"2022-06-10T00:00:00+00:00","0.12442","0.00000420"
"2022-06-09T00:00:00+00:00","0.12684","0.00000420"
"2022-06-08T00:00:00+00:00","0.12855","0.00000422"
"2022-06-07T00:00:00+00:00","0.12763","0.00000425"
"2022-06-06T00:00:00+00:00","0.13288","0.00000425"
"2022-06-05T00:00:00+00:00","0.12681","0.00000426"
"2022-06-04T00:00:00+00:00","0.12717","0.00000428"
"2022-06-03T00:00:00+00:00","0.12882","0.00000430"
"2022-06-02T00:00:00+00:00","0.12932","0.00000431"
"2022-06-01T00:00:00+00:00","0.13290","0.00000428"
"2022-05-31T00:00:00+00:00","0.13515","0.00000426"
"2022-05-30T00:00:00+00:00","0.13024","0.00000426"
"2022-05-29T00:00:00+00:00","0.12387","0.00000425"
"2022-05-28T00:00:00+00:00","0.12340","0.00000427"
"2022-05-27T00:00:00+00:00","0.12385","0.00000429"
"2022-05-26T00:00:00+00:00","0.12614","0.00000429"
"2022-05-25T00:00:00+00:00","0.12448","0.00000419"
"2022-05-24T00:00:00+00:00","0.11985","0.00000409"
"2022-05-23T00:00:00+00:00","0.12286","0.00000409"
"2022-05-22T00:00:00+00:00","0.12130","0.00000408"
"2022-05-21T00:00:00+00:00","0.12016","0.00000410"
"2022-05-20T00:00:00+00:00","0.12237","0.00000411"
"2022-05-19T00:00:00+00:00","0.12130","0.00000411"
"2022-05-18T00:00:00+00:00","0.12139","0.00000411"
"2022-05-17T00:00:00+00:00","0.12422","0.00000411"
"2022-05-16T00:00:00+00:00","0.12286","0.00000410"
"2022-05-15T00:00:00+00:00","0.12415","0.00000413"
"2022-05-14T00:00:00+00:00","0.12186","0.00000415"
"2022-05-13T00:00:00+00:00","0.12534","0.00000416"
"2022-05-12T00:00:00+00:00","0.11753","0.00000415"
"2022-05-11T00:00:00+00:00","0.12513","0.00000410"
"2022-05-10T00:00:00+00:00","0.13491","0.00000431"
"2022-05-09T00:00:00+00:00","0.13985","0.00000428"
"2022-05-08T00:00:00+00:00","0.14782","0.00000428"
"2022-05-07T00:00:00+00:00","0.15384","0.00000429"
"2022-05-06T00:00:00+00:00","0.15565","0.00000431"
"2022-05-05T00:00:00+00:00","0.16538","0.00000431"
"2022-05-04T00:00:00+00:00","0.16549","0.00000426"
"2022-05-03T00:00:00+00:00","0.16321","0.00000427"
"2022-05-02T00:00:00+00:00","0.16451","0.00000425"
"2022-05-01T00:00:00+00:00","0.16206","0.00000426"
"2022-04-30T00:00:00+00:00","0.16477","0.00000428"
"2022-04-29T00:00:00+00:00","0.16712","0.00000428"
"2022-04-28T00:00:00+00:00","0.16912","0.00000427"
"2022-04-27T00:00:00+00:00","0.17163","0.00000442"
"2022-04-26T00:00:00+00:00","0.17878","0.00000451"
"2022-04-25T00:00:00+00:00","0.17644","0.00000450"
"2022-04-24T00:00:00+00:00","0.17785","0.00000449"
"2022-04-23T00:00:00+00:00","0.17858","0.00000450"
"2022-04-22T00:00:00+00:00","0.18085","0.00000451"
"2022-04-21T00:00:00+00:00","0.18738","0.00000449"
"2022-04-20T00:00:00+00:00","0.18663","0.00000450"
"2022-04-19T00:00:00+00:00","0.18494","0.00000450"
"2022-04-18T00:00:00+00:00","0.17793","0.00000449"
"2022-04-17T00:00:00+00:00","0.18063","0.00000448"
"2022-04-16T00:00:00+00:00","0.18149","0.00000449"
"2022-04-15T00:00:00+00:00","0.18121","0.00000450"
"2022-04-14T00:00:00+00:00","0.18282","0.00000449"
"2022-04-13T00:00:00+00:00","0.18013","0.00000445"
"2022-04-12T00:00:00+00:00","0.17776","0.00000445"
"2022-04-11T00:00:00+00:00","0.18293","0.00000444"
"2022-04-10T00:00:00+00:00","0.18947","0.00000443"
"2022-04-09T00:00:00+00:00","0.18901","0.00000445"
"2022-04-08T00:00:00+00:00","0.19284","0.00000445"
"2022-04-07T00:00:00+00:00","0.19319","0.00000445"
"2022-04-06T00:00:00+00:00","0.19858","0.00000445"
"2022-04-05T00:00:00+00:00","0.20617","0.00000445"
"2022-04-04T00:00:00+00:00","0.20503","0.00000445"
"2022-04-03T00:00:00+00:00","0.20645","0.00000446"
"2022-04-02T00:00:00+00:00","0.20866","0.00000449"
"2022-04-01T00:00:00+00:00","0.20452","0.00000449"
"2022-03-31T00:00:00+00:00","0.20996","0.00000450"
"2022-03-30T00:00:00+00:00","0.21882","0.00000463"
"2022-03-29T00:00:00+00:00","0.22011","0.00000463"
"2022-03-28T00:00:00+00:00","0.21892","0.00000463"
"2022-03-27T00:00:00+00:00","0.20764","0.00000462"
"2022-03-26T00:00:00+00:00","0.20552","0.00000463"
"2022-03-25T00:00:00+00:00","0.20563","0.00000464"
"2022-03-24T00:00:00+00:00","0.20081","0.00000463"
"2022-03-23T00:00:00+00:00","0.19605","0.00000464"
"2022-03-22T00:00:00+00:00","0.19646","0.00000463"
"2022-03-21T00:00:00+00:00","0.18973","0.00000462"
"2022-03-20T00:00:00+00:00","0.19206","0.00000461"
"2022-03-19T00:00:00+00:00","0.19382","0.00000463"
"2022-03-18T00:00:00+00:00","0.18965","0.00000463"
"2022-03-17T00:00:00+00:00","0.18892","0.00000462"
"2022-03-16T00:00:00+00:00","0.18562","0.00000461"
"2022-03-15T00:00:00+00:00","0.18018","0.00000462"
"2022-03-14T00:00:00+00:00","0.17823","0.00000460"
"2022-03-13T00:00:00+00:00","0.17885","0.00000460"
"2022-03-12T00:00:00+00:00","0.18043","0.00000461"
"2022-03-11T00:00:00+00:00","0.17993","0.00000462"
"2022-03-10T00:00:00+00:00","0.18334","0.00000463"
"2022-03-09T00:00:00+00:00","0.19165","0.00000461"
"2022-03-08T00:00:00+00:00","0.17856","0.00000462"
"2022-03-07T00:00:00+00:00","0.17659","0.00000462"
"2022-03-06T00:00:00+00:00","0.18052","0.00000463"
"2022-03-05T00:00:00+00:00","0.18175","0.00000464"
"2022-03-04T00:00:00+00:00","0.19066","0.00000466"
"2022-03-03T00:00:00+00:00","0.19981","0.00000463"
"2022-03-02T00:00:00+00:00","0.20425","0.00000464"
"2022-03-01T00:00:00+00:00","0.19858","0.00000455"
"2022-02-28T00:00:00+00:00","0.17862","0.00000453"
"2022-02-27T00:00:00+00:00","0.17554","0.00000453"
"2022-02-26T00:00:00+00:00","0.17840","0.00000455"
"2022-02-25T00:00:00+00:00","0.17692","0.00000456"
"2022-02-24T00:00:00+00:00","0.16414","0.00000454"
"2022-02-23T00:00:00+00:00","0.17330","0.00000453"
"2022-02-22T00:00:00+00:00","0.17013","0.00000455"
"2022-02-21T00:00:00+00:00","0.17450","0.00000453"
"2022-02-20T00:00:00+00:00","0.17543","0.00000453"
"2022-02-19T00:00:00+00:00","0.18187","0.00000454"
"2022-02-18T00:00:00+00:00","0.18374","0.00000455"
"2022-02-17T00:00:00+00:00","0.19809","0.00000464"
"2022-02-16T00:00:00+00:00","0.20967","0.00000476"
"2022-02-15T00:00:00+00:00","0.20919","0.00000477"
"2022-02-14T00:00:00+00:00","0.20087","0.00000475"
"2022-02-13T00:00:00+00:00","0.20134","0.00000475"
"2022-02-12T00:00:00+00:00","0.20232","0.00000478"
"2022-02-11T00:00:00+00:00","0.20765","0.00000481"
"2022-02-10T00:00:00+00:00","0.21270","0.00000480"
"2022-02-09T00:00:00+00:00","0.21046","0.00000479"
"2022-02-08T00:00:00+00:00","0.21011","0.00000479"
"2022-02-07T00:00:00+00:00","0.20570","0.00000477"
"2022-02-06T00:00:00+00:00","0.19872","0.00000477"
"2022-02-05T00:00:00+00:00","0.19965","0.00000481"
"2022-02-04T00:00:00+00:00","0.18445","0.00000477"
"2022-02-03T00:00:00+00:00","0.17579","0.00000477"
"2022-02-02T00:00:00+00:00","0.18228","0.00000479"
"2022-02-01T00:00:00+00:00","0.18470","0.00000479"
"2022-01-31T00:00:00+00:00","0.17971","0.00000478"
"2022-01-30T00:00:00+00:00","0.18113","0.00000477"
"2022-01-29T00:00:00+00:00","0.18103","0.00000478"
"2022-01-28T00:00:00+00:00","0.17713","0.00000478"
"2022-01-27T00:00:00+00:00","0.17417","0.00000479"
"2022-01-26T00:00:00+00:00","0.17919","0.00000478"
"2022-01-25T00:00:00+00:00","0.17449","0.00000478"
"2022-01-24T00:00:00+00:00","0.16726","0.00000476"
"2022-01-23T00:00:00+00:00","0.16901","0.00000477"
"2022-01-22T00:00:00+00:00","0.17001","0.00000479"
"2022-01-21T00:00:00+00:00","0.18713","0.00000484"
"2022-01-20T00:00:00+00:00","0.21952","0.00000520"
"2022-01-19T00:00:00+00:00","0.21827","0.00000521"
"2022-01-18T00:00:00+00:00","0.21855","0.00000521"
"2022-01-17T00:00:00+00:00","0.22105","0.00000520"
"2022-01-16T00:00:00+00:00","0.22390","0.00000519"
"2022-01-15T00:00:00+00:00","0.22435","0.00000520"
"2022-01-14T00:00:00+00:00","0.22270","0.00000521"
"2022-01-13T00:00:00+00:00","0.22639","0.00000521"
"2022-01-12T00:00:00+00:00","0.22574","0.00000523"
"2022-01-11T00:00:00+00:00","0.22068","0.00000523"
"2022-01-10T00:00:00+00:00","0.21677","0.00000521"
"2022-01-09T00:00:00+00:00","0.21837","0.00000521"
"2022-01-08T00:00:00+00:00","0.21840","0.00000524"
"2022-01-07T00:00:00+00:00","0.22090","0.00000526"
"2022-01-06T00:00:00+00:00","0.22732","0.00000528"
"2022-01-05T00:00:00+00:00","0.24133","0.00000526"
"2022-01-04T00:00:00+00:00","0.24399","0.00000526"
"2022-01-03T00:00:00+00:00","0.24516","0.00000524"
"2022-01-02T00:00:00+00:00","0.24682","0.00000522"
"2022-01-01T00:00:00+00:00","0.24699","0.00000524"
"2021-12-31T00:00:00+00:00","0.25086","0.00000530"
"2021-12-30T00:00:00+00:00","0.24877","0.00000528"
"2021-12-29T00:00:00+00:00","0.25126","0.00000528"
"2021-12-28T00:00:00+00:00","0.25775","0.00000527"
"2021-12-27T00:00:00+00:00","0.26737","0.00000523"
"2021-12-26T00:00:00+00:00","0.26209","0.00000522"
"2021-12-25T00:00:00+00:00","0.26668","0.00000524"
"2021-12-24T00:00:00+00:00","0.26873","0.00000526"
"2021-12-23T00:00:00+00:00","0.25801","0.00000526"
"2021-12-22T00:00:00+00:00","0.25751","0.00000526"
"2021-12-21T00:00:00+00:00","0.25481","0.00000526"
"2021-12-20T00:00:00+00:00","0.24358","0.00000525"
"2021-12-19T00:00:00+00:00","0.24726","0.00000524"
"2021-12-18T00:00:00+00:00","0.24573","0.00000527"
"2021-12-17T00:00:00+00:00","0.24802","0.00000527"
"2021-12-16T00:00:00+00:00","0.25572","0.00000526"
"2021-12-15T00:00:00+00:00","0.25350","0.00000527"
"2021-12-14T00:00:00+00:00","0.24884","0.00000527"
"2021-12-13T00:00:00+00:00","0.25288","0.00000525"
"2021-12-12T00:00:00+00:00","0.25971","0.00000524"
"2021-12-11T00:00:00+00:00","0.26346","0.00000544"
"2021-12-10T00:00:00+00:00","0.27463","0.00000569"
"2021-12-09T00:00:00+00:00","0.27958","0.00000570"
"2021-12-08T00:00:00+00:00","0.28590","0.00000568"
"2021-12-07T00:00:00+00:00","0.29067","0.00000570"
"2021-12-06T00:00:00+00:00","0.27882","0.00000571"
"2021-12-05T00:00:00+00:00","0.28280","0.00000576"
"2021-12-04T00:00:00+00:00","0.28025","0.00000571"
"2021-12-03T00:00:00+00:00","0.31924","0.00000571"
"2021-12-02T00:00:00+00:00","0.32638","0.00000576"
"2021-12-01T00:00:00+00:00","0.32951","0.00000574"
"2021-11-30T00:00:00+00:00","0.32710","0.00000570"
"2021-11-29T00:00:00+00:00","0.32737","0.00000568"
"2021-11-28T00:00:00+00:00","0.30834","0.00000564"
"2021-11-27T00:00:00+00:00","0.30724","0.00000562"
"2021-11-26T00:00:00+00:00","0.31469","0.00000565"
"2021-11-25T00:00:00+00:00","0.32842","0.00000564"
"2021-11-24T00:00:00+00:00","0.31915","0.00000562"
"2021-11-23T00:00:00+00:00","0.32019","0.00000563"
"2021-11-22T00:00:00+00:00","0.32197","0.00000561"
"2021-11-21T00:00:00+00:00","0.33234","0.00000562"
"2021-11-20T00:00:00+00:00","0.33061","0.00000563"
"2021-11-19T00:00:00+00:00","0.32157","0.00000562"
"2021-11-18T00:00:00+00:00","0.33175","0.00000562"
"2021-11-17T00:00:00+00:00","0.33684","0.00000562"
"2021-11-16T00:00:00+00:00","0.34188","0.00000562"
"2021-11-15T00:00:00+00:00","0.36493","0.00000561"
"2021-11-14T00:00:00+00:00","0.36470","0.00000566"
"2021-11-13T00:00:00+00:00","0.37713","0.00000589"
"2021-11-12T00:00:00+00:00","0.37871","0.00000590"
"2021-11-11T00:00:00+00:00","0.38353","0.00000591"
"2021-11-10T00:00:00+00:00","0.39617","0.00000592"
"2021-11-09T00:00:00+00:00","0.40144","0.00000594"
"2021-11-08T00:00:00+00:00","0.38679","0.00000588"
"2021-11-07T00:00:00+00:00","0.36442","0.00000587"
"2021-11-06T00:00:00+00:00","0.35928","0.00000589"
"2021-11-05T00:00:00+00:00","0.36362","0.00000591"
"2021-11-04T00:00:00+00:00","0.36526","0.00000591"
"2021-11-03T00:00:00+00:00","0.37104","0.00000590"
"2021-11-02T00:00:00+00:00","0.36920","0.00000590"
"2021-11-01T00:00:00+00:00","0.36039","0.00000588"
"2021-10-31T00:00:00+00:00","0.38193","0.00000625"
"2021-10-30T00:00:00+00:00","0.39081","0.00000634"
"2021-10-29T00:00:00+00:00","0.39102","0.00000635"
"2021-10-28T00:00:00+00:00","0.38175","0.00000634"
"2021-10-27T00:00:00+00:00","0.37807","0.00000635"
"2021-10-26T00:00:00+00:00","0.39535","0.00000635"
"2021-10-25T00:00:00+00:00","0.39612","0.00000633"
"2021-10-24T00:00:00+00:00","0.38431","0.00000633"
"2021-10-23T00:00:00+00:00","0.38788","0.00000635"
"2021-10-22T00:00:00+00:00","0.39660","0.00000638"
"2021-10-21T00:00:00+00:00","0.41194","0.00000640"
"2021-10-20T00:00:00+00:00","0.41285","0.00000635"
"2021-10-19T00:00:00+00:00","0.39973","0.00000637"
"2021-10-18T00:00:00+00:00","0.39540","0.00000640"
"2021-10-17T00:00:00+00:00","0.38990","0.00000641"
"2021-10-16T00:00:00+00:00","0.39617","0.00000647"
"2021-10-15T00:00:00+00:00","0.38610","0.00000645"
"2021-10-14T00:00:00+00:00","0.37044","0.00000643"
"2021-10-13T00:00:00+00:00","0.36131","0.00000645"
"2021-10-12T00:00:00+00:00","0.36607","0.00000646"
"2021-10-11T00:00:00+00:00","0.36436","0.00000642"
"2021-10-10T00:00:00+00:00","0.35346","0.00000641"
"2021-10-09T00:00:00+00:00","0.35346","0.00000646"
"2021-10-08T00:00:00+00:00","0.35409","0.00000650"
"2021-10-07T00:00:00+00:00","0.35336","0.00000650"
"2021-10-06T00:00:00+00:00","0.34011","0.00000643"
"2021-10-05T00:00:00+00:00","0.32078","0.00000641"
"2021-10-04T00:00:00+00:00","0.32262","0.00000670"
"2021-10-03T00:00:00+00:00","0.32089","0.00000668"
"2021-10-02T00:00:00+00:00","0.32087","0.00000671"
"2021-10-01T00:00:00+00:00","0.30919","0.00000671"
"2021-09-30T00:00:00+00:00","0.29050","0.00000671"
"2021-09-29T00:00:00+00:00","0.28089","0.00000672"
"2021-09-28T00:00:00+00:00","0.28121","0.00000671"
"2021-09-27T00:00:00+00:00","0.29118","0.00000669"
"2021-09-26T00:00:00+00:00","0.28607","0.00000668"
"2021-09-25T00:00:00+00:00","0.28542","0.00000670"
"2021-09-24T00:00:00+00:00","0.28995","0.00000672"
"2021-09-23T00:00:00+00:00","0.29612","0.00000671"
"2021-09-22T00:00:00+00:00","0.28703","0.00000674"
"2021-09-21T00:00:00+00:00","0.29093","0.00000685"
"2021-09-20T00:00:00+00:00","0.30792","0.00000690"
"2021-09-19T00:00:00+00:00","0.32901","0.00000689"
"2021-09-18T00:00:00+00:00","0.33379","0.00000692"
"2021-09-17T00:00:00+00:00","0.33086","0.00000695"
"2021-09-16T00:00:00+00:00","0.33355","0.00000696"
"2021-09-15T00:00:00+00:00","0.33065","0.00000695"
"2021-09-14T00:00:00+00:00","0.31869","0.00000692"
"2021-09-13T00:00:00+00:00","0.30950","0.00000691"
"2021-09-12T00:00:00+00:00","0.31468","0.00000690"
"2021-09-11T00:00:00+00:00","0.31448","0.00000693"
"2021-09-10T00:00:00+00:00","0.31854","0.00000694"
"2021-09-09T00:00:00+00:00","0.32200","0.00000694"
"2021-09-08T00:00:00+00:00","0.32271","0.00000697"
"2021-09-07T00:00:00+00:00","0.36274","0.00000726"
"2021-09-06T00:00:00+00:00","0.37454","0.00000723"
"2021-09-05T00:00:00+00:00","0.36316","0.00000721"
"2021-09-04T00:00:00+00:00","0.36321","0.00000725"
"2021-09-03T00:00:00+00:00","0.36368","0.00000729"
"2021-09-02T00:00:00+00:00","0.36183","0.00000729"
"2021-09-01T00:00:00+00:00","0.34661","0.00000727"
"2021-08-31T00:00:00+00:00","0.34261","0.00000724"
"2021-08-30T00:00:00+00:00","0.34714","0.00000722"
"2021-08-29T00:00:00+00:00","0.35092","0.00000721"
"2021-08-28T00:00:00+00:00","0.35361","0.00000723"
"2021-08-27T00:00:00+00:00","0.34487","0.00000722"
"2021-08-26T00:00:00+00:00","0.34227","0.00000723"
"2021-08-25T00:00:00+00:00","0.37771","0.00000783"
"2021-08-24T00:00:00+00:00","0.40010","0.00000818"
"2021-08-23T00:00:00+00:00","0.40837","0.00000819"
"2021-08-22T00:00:00+00:00","0.39930","0.00000817"
"2021-08-21T00:00:00+00:00","0.40182","0.00000819"
"2021-08-20T00:00:00+00:00","0.39147","0.00000819"
"2021-08-19T00:00:00+00:00","0.37120","0.00000821"
"2021-08-18T00:00:00+00:00","0.37087","0.00000822"
"2021-08-17T00:00:00+00:00","0.37744","0.00000821"
"2021-08-16T00:00:00+00:00","0.38361","0.00000818"
"2021-08-15T00:00:00+00:00","0.37882","0.00000816"
"2021-08-14T00:00:00+00:00","0.38759","0.00000822"
"2021-08-13T00:00:00+00:00","0.38755","0.00000839"
"2021-08-12T00:00:00+00:00","0.39542","0.00000880"
"2021-08-11T00:00:00+00:00","0.40502","0.00000879"
"2021-08-10T00:00:00+00:00","0.40118","0.00000880"
"2021-08-09T00:00:00+00:00","0.39382","0.00000877"
"2021-08-08T00:00:00+00:00","0.38838","0.00000876"
"2021-08-07T00:00:00+00:00","0.38267","0.00000878"
"2021-08-06T00:00:00+00:00","0.36379","0.00000880"
"2021-08-05T00:00:00+00:00","0.34770","0.00000882"
"2021-08-04T00:00:00+00:00","0.34053","0.00000880"
"2021-08-03T00:00:00+00:00","0.33788","0.00000879"
"2021-08-02T00:00:00+00:00","0.34773","0.00000878"
"2021-08-01T00:00:00+00:00","0.36353","0.00000876"
"2021-07-31T00:00:00+00:00","0.37011","0.00000889"
"2021-07-30T00:00:00+00:00","0.36966","0.00000933"
"2021-07-29T00:00:00+00:00","0.37235","0.00000934"
"2021-07-28T00:00:00+00:00","0.37204","0.00000933"
"2021-07-27T00:00:00+00:00","0.35294","0.00000936"
"2021-07-26T00:00:00+00:00","0.35721","0.00000932"
"2021-07-25T00:00:00+00:00","0.32015","0.00000931"
"2021-07-24T00:00:00+00:00","0.31641","0.00000934"
"2021-07-23T00:00:00+00:00","0.30453","0.00000937"
"2021-07-22T00:00:00+00:00","0.30018","0.00000934"
"2021-07-21T00:00:00+00:00","0.29227","0.00000937"
"2021-07-20T00:00:00+00:00","0.27990","0.00000938"
"2021-07-19T00:00:00+00:00","0.29128","0.00000934"
"2021-07-18T00:00:00+00:00","0.29608","0.00000932"
"2021-07-17T00:00:00+00:00","0.28094","0.00000890"
"2021-07-16T00:00:00+00:00","0.28439","0.00000896"
"2021-07-15T00:00:00+00:00","0.28761","0.00000896"
"2021-07-14T00:00:00+00:00","0.29351","0.00000904"
"2021-07-13T00:00:00+00:00","0.29764","0.00000906"
"2021-07-12T00:00:00+00:00","0.30319","0.00000900"
"2021-07-11T00:00:00+00:00","0.30239","0.00000895"
"2021-07-10T00:00:00+00:00","0.30226","0.00000897"
"2021-07-09T00:00:00+00:00","0.30006","0.00000905"
"2021-07-08T00:00:00+00:00","0.30049","0.00000913"
"2021-07-07T00:00:00+00:00","0.31722","0.00000918"
"2021-07-06T00:00:00+00:00","0.31616","0.00000926"
"2021-07-05T00:00:00+00:00","0.31584","0.00000926"
"2021-07-04T00:00:00+00:00","0.32819","0.00000930"
"2021-07-03T00:00:00+00:00","0.30661","0.00000892"
"2021-07-02T00:00:00+00:00","0.23400","0.00000703"
"2021-07-01T00:00:00+00:00","0.23709","0.00000703"
"2021-06-30T00:00:00+00:00","0.24258","0.00000695"
"2021-06-29T00:00:00+00:00","0.24449","0.00000688"
"2021-06-28T00:00:00+00:00","0.23326","0.00000677"
"2021-06-27T00:00:00+00:00","0.22042","0.00000667"
"2021-06-26T00:00:00+00:00","0.21101","0.00000670"
"2021-06-25T00:00:00+00:00","0.22544","0.00000676"
"2021-06-24T00:00:00+00:00","0.23074","0.00000684"
"2021-06-23T00:00:00+00:00","0.23091","0.00000684"
"2021-06-22T00:00:00+00:00","0.21533","0.00000673"
"2021-06-21T00:00:00+00:00","0.21756","0.00000657"
"2021-06-20T00:00:00+00:00","0.22947","0.00000654"
"2021-06-19T00:00:00+00:00","0.23516","0.00000658"
"2021-06-18T00:00:00+00:00","0.24202","0.00000654"
"2021-06-17T00:00:00+00:00","0.25431","0.00000659"
"2021-06-16T00:00:00+00:00","0.26118","0.00000663"
"2021-06-15T00:00:00+00:00","0.26564","0.00000661"
"2021-06-14T00:00:00+00:00","0.25826","0.00000651"
"2021-06-13T00:00:00+00:00","0.22717","0.00000624"
"2021-06-12T00:00:00+00:00","0.22548","0.00000631"
"2021-06-11T00:00:00+00:00","0.23458","0.00000634"
"2021-06-10T00:00:00+00:00","0.23353","0.00000631"
"2021-06-09T00:00:00+00:00","0.21577","0.00000619"
"2021-06-08T00:00:00+00:00","0.20437","0.00000621"
"2021-06-07T00:00:00+00:00","0.22078","0.00000615"
"2021-06-06T00:00:00+00:00","0.22096","0.00000614"
"2021-06-05T00:00:00+00:00","0.22846","0.00000624"
"2021-06-04T00:00:00+00:00","0.23332","0.00000629"
"2021-06-03T00:00:00+00:00","0.24266","0.00000630"
"2021-06-02T00:00:00+00:00","0.23412","0.00000628"
"2021-06-01T00:00:00+00:00","0.22950","0.00000627"
"2021-05-31T00:00:00+00:00","0.22591","0.00000625"
"2021-05-30T00:00:00+00:00","0.22085","0.00000622"
"2021-05-29T00:00:00+00:00","0.19241","0.00000546"
"2021-05-28T00:00:00+00:00","0.20097","0.00000549"
"2021-05-27T00:00:00+00:00","0.21209","0.00000547"
"2021-05-26T00:00:00+00:00","0.21949","0.00000559"
"2021-05-25T00:00:00+00:00","0.21346","0.00000561"
"2021-05-24T00:00:00+00:00","0.20724","0.00000560"
"2021-05-23T00:00:00+00:00","0.19699","0.00000562"
"2021-05-22T00:00:00+00:00","0.22222","0.00000593"
"2021-05-21T00:00:00+00:00","0.23277","0.00000595"
"2021-05-20T00:00:00+00:00","0.23487","0.00000589"
"2021-05-19T00:00:00+00:00","0.22061","0.00000565"
"2021-05-18T00:00:00+00:00","0.24399","0.00000552"
"2021-05-17T00:00:00+00:00","0.24008","0.00000542"
"2021-05-16T00:00:00+00:00","0.25617","0.00000537"
"2021-05-15T00:00:00+00:00","0.26706","0.00000547"
"2021-05-14T00:00:00+00:00","0.27140","0.00000541"
"2021-05-13T00:00:00+00:00","0.28989","0.00000581"
"2021-05-12T00:00:00+00:00","0.36587","0.00000654"
"2021-05-11T00:00:00+00:00","0.37174","0.00000665"
"2021-05-10T00:00:00+00:00","0.37728","0.00000653"
"2021-05-09T00:00:00+00:00","0.37809","0.00000652"
"2021-05-08T00:00:00+00:00","0.38844","0.00000663"
"2021-05-07T00:00:00+00:00","0.38153","0.00000671"
"2021-05-06T00:00:00+00:00","0.38332","0.00000673"
"2021-05-05T00:00:00+00:00","0.37179","0.00000665"
"2021-05-04T00:00:00+00:00","0.36944","0.00000668"
"2021-05-03T00:00:00+00:00","0.38374","0.00000662"
"2021-05-02T00:00:00+00:00","0.37698","0.00000663"
"2021-05-01T00:00:00+00:00","0.36160","0.00000626"
"2021-04-30T00:00:00+00:00","0.34493","0.00000624"
"2021-04-29T00:00:00+00:00","0.33676","0.00000625"
"2021-04-28T00:00:00+00:00","0.33974","0.00000620"
"2021-04-27T00:00:00+00:00","0.35225","0.00000645"
"2021-04-26T00:00:00+00:00","0.32834","0.00000619"
"2021-04-25T00:00:00+00:00","0.30559","0.00000615"
"2021-04-24T00:00:00+00:00","0.33637","0.00000672"
"2021-04-23T00:00:00+00:00","0.35350","0.00000709"
"2021-04-22T00:00:00+00:00","0.39562","0.00000735"
"2021-04-21T00:00:00+00:00","0.41078","0.00000741"
"2021-04-20T00:00:00+00:00","0.40293","0.00000726"
"2021-04-19T00:00:00+00:00","0.38910","0.00000690"
"2021-04-18T00:00:00+00:00","0.38355","0.00000684"
"2021-04-17T00:00:00+00:00","0.40522","0.00000661"
"2021-04-16T00:00:00+00:00","0.38456","0.00000623"
"2021-04-15T00:00:00+00:00","0.39211","0.00000623"
"2021-04-14T00:00:00+00:00","0.39280","0.00000619"
"2021-04-13T00:00:00+00:00","0.37378","0.00000601"
"2021-04-12T00:00:00+00:00","0.35267","0.00000587"
"2021-04-11T00:00:00+00:00","0.35136","0.00000588"
"2021-04-10T00:00:00+00:00","0.35800","0.00000598"
"2021-04-09T00:00:00+00:00","0.35629","0.00000612"
"2021-04-08T00:00:00+00:00","0.34180","0.00000598"
"2021-04-07T00:00:00+00:00","0.34436","0.00000604"
"2021-04-06T00:00:00+00:00","0.35351","0.00000605"
"2021-04-05T00:00:00+00:00","0.34138","0.00000588"
"2021-04-04T00:00:00+00:00","0.34014","0.00000589"
"2021-04-03T00:00:00+00:00","0.35370","0.00000600"
"2021-04-02T00:00:00+00:00","0.35688","0.00000602"
"2021-04-01T00:00:00+00:00","0.37129","0.00000631"
"2021-03-31T00:00:00+00:00","0.37413","0.00000637"
"2021-03-30T00:00:00+00:00","0.36826","0.00000631"
"2021-03-29T00:00:00+00:00","0.34923","0.00000614"
"2021-03-28T00:00:00+00:00","0.34093","0.00000611"
"2021-03-27T00:00:00+00:00","0.34231","0.00000620"
"2021-03-26T00:00:00+00:00","0.33358","0.00000627"
"2021-03-25T00:00:00+00:00","0.32731","0.00000628"
"2021-03-24T00:00:00+00:00","0.34310","0.00000622"
"2021-03-23T00:00:00+00:00","0.34095","0.00000623"
"2021-03-22T00:00:00+00:00","0.35015","0.00000617"
"2021-03-21T00:00:00+00:00","0.35357","0.00000617"
"2021-03-20T00:00:00+00:00","0.37444","0.00000637"
"2021-03-19T00:00:00+00:00","0.38563","0.00000662"
"2021-03-18T00:00:00+00:00","0.39246","0.00000671"
"2021-03-17T00:00:00+00:00","0.36666","0.00000653"
"2021-03-16T00:00:00+00:00","0.36540","0.00000660"
"2021-03-15T00:00:00+00:00","0.36968","0.00000643"
"2021-03-14T00:00:00+00:00","0.39506","0.00000653"
"2021-03-13T00:00:00+00:00","0.38687","0.00000658"
"2021-03-12T00:00:00+00:00","0.37651","0.00000663"
"2021-03-11T00:00:00+00:00","0.37162","0.00000660"
"2021-03-10T00:00:00+00:00","0.36260","0.00000655"
"2021-03-09T00:00:00+00:00","0.35181","0.00000652"
"2021-03-08T00:00:00+00:00","0.32104","0.00000632"
"2021-03-07T00:00:00+00:00","0.31814","0.00000633"
"2021-03-06T00:00:00+00:00","0.31306","0.00000647"
"2021-03-05T00:00:00+00:00","0.31194","0.00000654"
"2021-03-04T00:00:00+00:00","0.32758","0.00000663"
"2021-03-03T00:00:00+00:00","0.33091","0.00000656"
"2021-03-02T00:00:00+00:00","0.32512","0.00000669"
"2021-03-01T00:00:00+00:00","0.30720","0.00000645"
"2021-02-28T00:00:00+00:00","0.28699","0.00000640"
"2021-02-27T00:00:00+00:00","0.30857","0.00000655"
"2021-02-26T00:00:00+00:00","0.31692","0.00000679"
"2021-02-25T00:00:00+00:00","0.33674","0.00000674"
"2021-02-24T00:00:00+00:00","0.34843","0.00000700"
"2021-02-23T00:00:00+00:00","0.33843","0.00000691"
"2021-02-22T00:00:00+00:00","0.35892","0.00000656"
"2021-02-21T00:00:00+00:00","0.37819","0.00000663"
"2021-02-20T00:00:00+00:00","0.38173","0.00000678"
"2021-02-19T00:00:00+00:00","0.36316","0.00000684"
"2021-02-18T00:00:00+00:00","0.35622","0.00000686"
"2021-02-17T00:00:00+00:00","0.34442","0.00000676"
"2021-02-16T00:00:00+00:00","0.32690","0.00000669"
"2021-02-15T00:00:00+00:00","0.31542","0.00000659"
"2021-02-14T00:00:00+00:00","0.31957","0.00000658"
"2021-02-13T00:00:00+00:00","0.33045","0.00000699"
"2021-02-12T00:00:00+00:00","0.34388","0.00000722"
"2021-02-11T00:00:00+00:00","0.32753","0.00000708"
"2021-02-10T00:00:00+00:00","0.32167","0.00000702"
"2021-02-09T00:00:00+00:00","0.32646","0.00000699"
"2021-02-08T00:00:00+00:00","0.26511","0.00000643"
"2021-02-07T00:00:00+00:00","0.24982","0.00000645"
"2021-02-06T00:00:00+00:00","0.26624","0.00000669"
"2021-02-05T00:00:00+00:00","0.25960","0.00000690"
"2021-02-04T00:00:00+00:00","0.26411","0.00000704"
"2021-02-03T00:00:00+00:00","0.25135","0.00000687"
"2021-02-02T00:00:00+00:00","0.24440","0.00000704"
"2021-02-01T00:00:00+00:00","0.22995","0.00000682"
"2021-01-31T00:00:00+00:00","0.22992","0.00000687"
"2021-01-30T00:00:00+00:00","0.24163","0.00000709"
"2021-01-29T00:00:00+00:00","0.24007","0.00000685"
"2021-01-28T00:00:00+00:00","0.20971","0.00000660"
"2021-01-27T00:00:00+00:00","0.20466","0.00000657"
"2021-01-26T00:00:00+00:00","0.21147","0.00000661"
"2021-01-25T00:00:00+00:00","0.21912","0.00000657"
"2021-01-24T00:00:00+00:00","0.20654","0.00000641"
"2021-01-23T00:00:00+00:00","0.21907","0.00000677"
"2021-01-22T00:00:00+00:00","0.22120","0.00000694"
"2021-01-21T00:00:00+00:00","0.22654","0.00000688"
"2021-01-20T00:00:00+00:00","0.23712","0.00000675"
"2021-01-19T00:00:00+00:00","0.24734","0.00000671"
"2021-01-18T00:00:00+00:00","0.23658","0.00000656"
"2021-01-17T00:00:00+00:00","0.23774","0.00000667"
"2021-01-16T00:00:00+00:00","0.25219","0.00000684"
"2021-01-15T00:00:00+00:00","0.26583","0.00000709"
"2021-01-14T00:00:00+00:00","0.26828","0.00000697"
"2021-01-13T00:00:00+00:00","0.24541","0.00000708"
"2021-01-12T00:00:00+00:00","0.24870","0.00000714"
"2021-01-11T00:00:00+00:00","0.23113","0.00000675"
"2021-01-10T00:00:00+00:00","0.26781","0.00000674"
"2021-01-09T00:00:00+00:00","0.30210","0.00000748"
"2021-01-08T00:00:00+00:00","0.30436","0.00000764"
"2021-01-07T00:00:00+00:00","0.28654","0.00000753"
"2021-01-06T00:00:00+00:00","0.26397","0.00000756"
"2021-01-05T00:00:00+00:00","0.24215","0.00000750"
"2021-01-04T00:00:00+00:00","0.23403","0.00000735"
"2021-01-03T00:00:00+00:00","0.24809","0.00000741"
"2021-01-02T00:00:00+00:00","0.22022","0.00000716"
"2021-01-01T00:00:00+00:00","0.21302","0.00000727"
"2020-12-31T00:00:00+00:00","0.21864","0.00000757"
"2020-12-30T00:00:00+00:00","0.20779","0.00000738"
"2020-12-29T00:00:00+00:00","0.20086","0.00000753"
"2020-12-28T00:00:00+00:00","0.19954","0.00000740"
"2020-12-27T00:00:00+00:00","0.19835","0.00000733"
"2020-12-26T00:00:00+00:00","0.18444","0.00000730"
"2020-12-25T00:00:00+00:00","0.18296","0.00000762"
"2020-12-24T00:00:00+00:00","0.17769","0.00000765"
"2020-12-23T00:00:00+00:00","0.18246","0.00000775"
"2020-12-22T00:00:00+00:00","0.17927","0.00000776"
"2020-12-21T00:00:00+00:00","0.17535","0.00000754"
"2020-12-20T00:00:00+00:00","0.17271","0.00000732"
"2020-12-19T00:00:00+00:00","0.18237","0.00000781"
"2020-12-18T00:00:00+00:00","0.18605","0.00000813"
"2020-12-17T00:00:00+00:00","0.17404","0.00000769"
"2020-12-16T00:00:00+00:00","0.14580","0.00000726"
"2020-12-15T00:00:00+00:00","0.13974","0.00000722"
"2020-12-14T00:00:00+00:00","0.13525","0.00000706"
"2020-12-13T00:00:00+00:00","0.13176","0.00000689"
"2020-12-12T00:00:00+00:00","0.13058","0.00000707"
"2020-12-11T00:00:00+00:00","0.12728","0.00000710"
"2020-12-10T00:00:00+00:00","0.13069","0.00000714"
"2020-12-09T00:00:00+00:00","0.13006","0.00000712"
"2020-12-08T00:00:00+00:00","0.13441","0.00000710"
"2020-12-07T00:00:00+00:00","0.13294","0.00000692"
"2020-12-06T00:00:00+00:00","0.13493","0.00000705"
"2020-12-05T00:00:00+00:00","0.13695","0.00000721"
"2020-12-04T00:00:00+00:00","0.14299","0.00000748"
"2020-12-03T00:00:00+00:00","0.14505","0.00000752"
"2020-12-02T00:00:00+00:00","0.14484","0.00000764"
"2020-12-01T00:00:00+00:00","0.14294","0.00000742"
"2020-11-30T00:00:00+00:00","0.13147","0.00000695"
"2020-11-29T00:00:00+00:00","0.13013","0.00000723"
"2020-11-28T00:00:00+00:00","0.13268","0.00000766"
"2020-11-27T00:00:00+00:00","0.13355","0.00000786"
"2020-11-26T00:00:00+00:00","0.13691","0.00000787"
"2020-11-25T00:00:00+00:00","0.15052","0.00000790"
"2020-11-24T00:00:00+00:00","0.14584","0.00000773"
"2020-11-23T00:00:00+00:00","0.13727","0.00000744"
"2020-11-22T00:00:00+00:00","0.13609","0.00000738"
"2020-11-21T00:00:00+00:00","0.14188","0.00000758"
"2020-11-20T00:00:00+00:00","0.14215","0.00000775"
"2020-11-19T00:00:00+00:00","0.14078","0.00000789"
"2020-11-18T00:00:00+00:00","0.14004","0.00000783"
"2020-11-17T00:00:00+00:00","0.13311","0.00000779"
"2020-11-16T00:00:00+00:00","0.12776","0.00000780"
"2020-11-15T00:00:00+00:00","0.12624","0.00000789"
"2020-11-14T00:00:00+00:00","0.13158","0.00000821"
"2020-11-13T00:00:00+00:00","0.13471","0.00000827"
"2020-11-12T00:00:00+00:00","0.13226","0.00000831"
"2020-11-11T00:00:00+00:00","0.13518","0.00000867"
"2020-11-10T00:00:00+00:00","0.13115","0.00000856"
"2020-11-09T00:00:00+00:00","0.12817","0.00000833"
"2020-11-08T00:00:00+00:00","0.12843","0.00000845"
"2020-11-07T00:00:00+00:00","0.13718","0.00000893"
"2020-11-06T00:00:00+00:00","0.15039","0.00000965"
"2020-11-05T00:00:00+00:00","0.13569","0.00000921"
"2020-11-04T00:00:00+00:00","0.13075","0.00000941"
"2020-11-03T00:00:00+00:00","0.12920","0.00000948"
"2020-11-02T00:00:00+00:00","0.10708","0.00000788"
"2020-11-01T00:00:00+00:00","0.11312","0.00000822"
"2020-10-31T00:00:00+00:00","0.12070","0.00000878"
"2020-10-30T00:00:00+00:00","0.11658","0.00000868"
"2020-10-29T00:00:00+00:00","0.11412","0.00000856"
"2020-10-28T00:00:00+00:00","0.11170","0.00000831"
"2020-10-27T00:00:00+00:00","0.10175","0.00000761"
"2020-10-26T00:00:00+00:00","0.09044","0.00000692"
"2020-10-25T00:00:00+00:00","0.08999","0.00000689"
"2020-10-24T00:00:00+00:00","0.09277","0.00000712"
"2020-10-23T00:00:00+00:00","0.09655","0.00000746"
"2020-10-22T00:00:00+00:00","0.09562","0.00000739"
"2020-10-21T00:00:00+00:00","0.08728","0.00000700"
"2020-10-20T00:00:00+00:00","0.07956","0.00000672"
"2020-10-19T00:00:00+00:00","0.07677","0.00000663"
"2020-10-18T00:00:00+00:00","0.07473","0.00000654"
"2020-10-17T00:00:00+00:00","0.07659","0.00000675"
"2020-10-16T00:00:00+00:00","0.07950","0.00000699"
"2020-10-15T00:00:00+00:00","0.08081","0.00000708"
"2020-10-14T00:00:00+00:00","0.07950","0.00000697"
"2020-10-13T00:00:00+00:00","0.08050","0.00000703"
"2020-10-12T00:00:00+00:00","0.07953","0.00000695"
"2020-10-11T00:00:00+00:00","0.07908","0.00000696"
"2020-10-10T00:00:00+00:00","0.08192","0.00000723"
"2020-10-09T00:00:00+00:00","0.08062","0.00000734"
"2020-10-08T00:00:00+00:00","0.07656","0.00000713"
"2020-10-07T00:00:00+00:00","0.07848","0.00000739"
"2020-10-06T00:00:00+00:00","0.07883","0.00000737"
"2020-10-05T00:00:00+00:00","0.07484","0.00000699"
"2020-10-04T00:00:00+00:00","0.07347","0.00000693"
"2020-10-03T00:00:00+00:00","0.07595","0.00000720"
"2020-10-02T00:00:00+00:00","0.07815","0.00000742"
"2020-10-01T00:00:00+00:00","0.07782","0.00000724"
"2020-09-30T00:00:00+00:00","0.07642","0.00000711"
"2020-09-29T00:00:00+00:00","0.07576","0.00000706"
"2020-09-28T00:00:00+00:00","0.07419","0.00000682"
"2020-09-27T00:00:00+00:00","0.07250","0.00000676"
"2020-09-26T00:00:00+00:00","0.07425","0.00000693"
"2020-09-25T00:00:00+00:00","0.07515","0.00000704"
"2020-09-24T00:00:00+00:00","0.07479","0.00000716"
"2020-09-23T00:00:00+00:00","0.07495","0.00000718"
"2020-09-22T00:00:00+00:00","0.07369","0.00000704"
"2020-09-21T00:00:00+00:00","0.07273","0.00000681"
"2020-09-20T00:00:00+00:00","0.07509","0.00000688"
"2020-09-19T00:00:00+00:00","0.08530","0.00000775"
"2020-09-18T00:00:00+00:00","0.08401","0.00000769"
"2020-09-17T00:00:00+00:00","0.08449","0.00000776"
"2020-09-16T00:00:00+00:00","0.08512","0.00000781"
"2020-09-15T00:00:00+00:00","0.08420","0.00000781"
"2020-09-14T00:00:00+00:00","0.08069","0.00000768"
"2020-09-13T00:00:00+00:00","0.07874","0.00000757"
"2020-09-12T00:00:00+00:00","0.08129","0.00000784"
"2020-09-11T00:00:00+00:00","0.08280","0.00000804"
"2020-09-10T00:00:00+00:00","0.08344","0.00000807"
"2020-09-09T00:00:00+00:00","0.08002","0.00000786"
"2020-09-08T00:00:00+00:00","0.07989","0.00000787"
"2020-09-07T00:00:00+00:00","0.07915","0.00000779"
"2020-09-06T00:00:00+00:00","0.08040","0.00000788"
"2020-09-05T00:00:00+00:00","0.08583","0.00000836"
"2020-09-04T00:00:00+00:00","0.08757","0.00000842"
"2020-09-03T00:00:00+00:00","0.09150","0.00000829"
"2020-09-02T00:00:00+00:00","0.09353","0.00000808"
"2020-09-01T00:00:00+00:00","0.09560","0.00000805"
"2020-08-31T00:00:00+00:00","0.09014","0.00000771"
"2020-08-30T00:00:00+00:00","0.08958","0.00000772"
"2020-08-29T00:00:00+00:00","0.08925","0.00000776"
"2020-08-28T00:00:00+00:00","0.09248","0.00000808"
"2020-08-27T00:00:00+00:00","0.09245","0.00000815"
"2020-08-26T00:00:00+00:00","0.09124","0.00000800"
"2020-08-25T00:00:00+00:00","0.09016","0.00000783"
"2020-08-24T00:00:00+00:00","0.09098","0.00000775"
"2020-08-23T00:00:00+00:00","0.09285","0.00000799"
"2020-08-22T00:00:00+00:00","0.09843","0.00000852"
"2020-08-21T00:00:00+00:00","0.09879","0.00000841"
"2020-08-20T00:00:00+00:00","0.10079","0.00000854"
"2020-08-19T00:00:00+00:00","0.10302","0.00000873"
"2020-08-18T00:00:00+00:00","0.10322","0.00000849"
"2020-08-17T00:00:00+00:00","0.09617","0.00000798"
"2020-08-16T00:00:00+00:00","0.09369","0.00000790"
"2020-08-15T00:00:00+00:00","0.09582","0.00000807"
"2020-08-14T00:00:00+00:00","0.09688","0.00000824"
"2020-08-13T00:00:00+00:00","0.09603","0.00000831"
"2020-08-12T00:00:00+00:00","0.09716","0.00000848"
"2020-08-11T00:00:00+00:00","0.10025","0.00000862"
"2020-08-10T00:00:00+00:00","0.09683","0.00000814"
"2020-08-09T00:00:00+00:00","0.09384","0.00000804"
"2020-08-08T00:00:00+00:00","0.09757","0.00000835"
"2020-08-07T00:00:00+00:00","0.10242","0.00000874"
"2020-08-06T00:00:00+00:00","0.10484","0.00000892"
"2020-08-05T00:00:00+00:00","0.09720","0.00000848"
"2020-08-04T00:00:00+00:00","0.09420","0.00000838"
"2020-08-03T00:00:00+00:00","0.09395","0.00000835"
"2020-08-02T00:00:00+00:00","0.09658","0.00000852"
"2020-08-01T00:00:00+00:00","0.10094","0.00000869"
"2020-07-31T00:00:00+00:00","0.10041","0.00000897"
"2020-07-30T00:00:00+00:00","0.09909","0.00000898"
"2020-07-29T00:00:00+00:00","0.09862","0.00000889"
"2020-07-28T00:00:00+00:00","0.09622","0.00000876"
"2020-07-27T00:00:00+00:00","0.08318","0.00000797"
"2020-07-26T00:00:00+00:00","0.07775","0.00000791"
"2020-07-25T00:00:00+00:00","0.07702","0.00000801"
"2020-07-24T00:00:00+00:00","0.07946","0.00000831"
"2020-07-23T00:00:00+00:00","0.07988","0.00000837"
"2020-07-22T00:00:00+00:00","0.07803","0.00000833"
"2020-07-21T00:00:00+00:00","0.07506","0.00000806"
"2020-07-20T00:00:00+00:00","0.07062","0.00000769"
"2020-07-19T00:00:00+00:00","0.07135","0.00000779"
"2020-07-18T00:00:00+00:00","0.07338","0.00000801"
"2020-07-17T00:00:00+00:00","0.07262","0.00000795"
"2020-07-16T00:00:00+00:00","0.07197","0.00000788"
"2020-07-15T00:00:00+00:00","0.07121","0.00000772"
"2020-07-14T00:00:00+00:00","0.07083","0.00000768"
"2020-07-13T00:00:00+00:00","0.07258","0.00000782"
"2020-07-12T00:00:00+00:00","0.07601","0.00000822"
"2020-07-11T00:00:00+00:00","0.07669","0.00000830"
"2020-07-10T00:00:00+00:00","0.07716","0.00000839"
"2020-07-09T00:00:00+00:00","0.07816","0.00000838"
"2020-07-08T00:00:00+00:00","0.07782","0.00000833"
"2020-07-07T00:00:00+00:00","0.07654","0.00000826"
"2020-07-06T00:00:00+00:00","0.07562","0.00000821"
"2020-07-05T00:00:00+00:00","0.07427","0.00000819"
"2020-07-04T00:00:00+00:00","0.07546","0.00000830"
"2020-07-03T00:00:00+00:00","0.07655","0.00000842"
"2020-07-02T00:00:00+00:00","0.07708","0.00000841"
"2020-07-01T00:00:00+00:00","0.07738","0.00000842"
"2020-06-30T00:00:00+00:00","0.07572","0.00000828"
"2020-06-29T00:00:00+00:00","0.07455","0.00000818"
"2020-06-28T00:00:00+00:00","0.07382","0.00000815"
"2020-06-27T00:00:00+00:00","0.07470","0.00000820"
"2020-06-26T00:00:00+00:00","0.07617","0.00000830"
"2020-06-25T00:00:00+00:00","0.07689","0.00000833"
"2020-06-24T00:00:00+00:00","0.07882","0.00000835"
"2020-06-23T00:00:00+00:00","0.08025","0.00000833"
"2020-06-22T00:00:00+00:00","0.07787","0.00000821"
"2020-06-21T00:00:00+00:00","0.07674","0.00000821"
"2020-06-20T00:00:00+00:00","0.07742","0.00000832"
"2020-06-19T00:00:00+00:00","0.07881","0.00000845"
"2020-06-18T00:00:00+00:00","0.07876","0.00000837"
"2020-06-17T00:00:00+00:00","0.07961","0.00000843"
"2020-06-16T00:00:00+00:00","0.08761","0.00000923"
"2020-06-15T00:00:00+00:00","0.08651","0.00000936"
"2020-06-14T00:00:00+00:00","0.08771","0.00000933"
"2020-06-13T00:00:00+00:00","0.08836","0.00000937"
"2020-06-12T00:00:00+00:00","0.08885","0.00000944"
"2020-06-11T00:00:00+00:00","0.09177","0.00000952"
"2020-06-10T00:00:00+00:00","0.09260","0.00000946"
"2020-06-09T00:00:00+00:00","0.09231","0.00000950"
"2020-06-08T00:00:00+00:00","0.09215","0.00000948"
"2020-06-07T00:00:00+00:00","0.09023","0.00000938"
"2020-06-06T00:00:00+00:00","0.09150","0.00000950"
"2020-06-05T00:00:00+00:00","0.09421","0.00000967"
"2020-06-04T00:00:00+00:00","0.09104","0.00000938"
"2020-06-03T00:00:00+00:00","0.08808","0.00000922"
"2020-06-02T00:00:00+00:00","0.09051","0.00000916"
"2020-06-01T00:00:00+00:00","0.08594","0.00000897"
"2020-05-31T00:00:00+00:00","0.08445","0.00000884"
"2020-05-30T00:00:00+00:00","0.08659","0.00000911"
"2020-05-29T00:00:00+00:00","0.08720","0.00000922"
"2020-05-28T00:00:00+00:00","0.08458","0.00000908"
"2020-05-27T00:00:00+00:00","0.08224","0.00000911"
"2020-05-26T00:00:00+00:00","0.08204","0.00000926"
"2020-05-25T00:00:00+00:00","0.08123","0.00000921"
"2020-05-24T00:00:00+00:00","0.08501","0.00000932"
"2020-05-23T00:00:00+00:00","0.09190","0.00000998"
"2020-05-22T00:00:00+00:00","0.09440","0.00001034"
"2020-05-21T00:00:00+00:00","0.09672","0.00001042"
"2020-05-20T00:00:00+00:00","0.10059","0.00001040"
"2020-05-19T00:00:00+00:00","0.09300","0.00000962"
"2020-05-18T00:00:00+00:00","0.08865","0.00000912"
"2020-05-17T00:00:00+00:00","0.08541","0.00000887"
"2020-05-16T00:00:00+00:00","0.08640","0.00000919"
"2020-05-15T00:00:00+00:00","0.08977","0.00000943"
"2020-05-14T00:00:00+00:00","0.08709","0.00000909"
"2020-05-13T00:00:00+00:00","0.08003","0.00000885"
"2020-05-12T00:00:00+00:00","0.07636","0.00000870"
"2020-05-11T00:00:00+00:00","0.12720","0.00001459"
"2020-05-10T00:00:00+00:00","0.14086","0.00001621"
"2020-05-09T00:00:00+00:00","0.16122","0.00001657"
"2020-05-08T00:00:00+00:00","0.16325","0.00001645"
"2020-05-07T00:00:00+00:00","0.15436","0.00001626"
"2020-05-06T00:00:00+00:00","0.14798","0.00001615"
"2020-05-05T00:00:00+00:00","0.14477","0.00001621"
"2020-05-04T00:00:00+00:00","0.14240","0.00001623"
"2020-05-03T00:00:00+00:00","0.14571","0.00001622"
"2020-05-02T00:00:00+00:00","0.14637","0.00001649"
"2020-05-01T00:00:00+00:00","0.14775","0.00001682"
"2020-04-30T00:00:00+00:00","0.14633","0.00001645"
"2020-04-29T00:00:00+00:00","0.13219","0.00001603"
"2020-04-28T00:00:00+00:00","0.12368","0.00001600"
"2020-04-27T00:00:00+00:00","0.12317","0.00001596"
"2020-04-26T00:00:00+00:00","0.12143","0.00001597"
"2020-04-25T00:00:00+00:00","0.12125","0.00001607"
"2020-04-24T00:00:00+00:00","0.12116","0.00001611"
"2020-04-23T00:00:00+00:00","0.11720","0.00001607"
"2020-04-22T00:00:00+00:00","0.11161","0.00001594"
"2020-04-21T00:00:00+00:00","0.11230","0.00001635"
"2020-04-20T00:00:00+00:00","0.12162","0.00001724"
"2020-04-19T00:00:00+00:00","0.12365","0.00001724"
"2020-04-18T00:00:00+00:00","0.12389","0.00001731"
"2020-04-17T00:00:00+00:00","0.12271","0.00001735"
"2020-04-16T00:00:00+00:00","0.11975","0.00001732"
"2020-04-15T00:00:00+00:00","0.11770","0.00001730"
"2020-04-14T00:00:00+00:00","0.11859","0.00001723"
"2020-04-13T00:00:00+00:00","0.11625","0.00001722"
"2020-04-12T00:00:00+00:00","0.11950","0.00001720"
"2020-04-11T00:00:00+00:00","0.11840","0.00001723"
"2020-04-10T00:00:00+00:00","0.12053","0.00001728"
"2020-04-09T00:00:00+00:00","0.12642","0.00001731"
"2020-04-08T00:00:00+00:00","0.12902","0.00001767"
"2020-04-07T00:00:00+00:00","0.13393","0.00001830"
"2020-04-06T00:00:00+00:00","0.12922","0.00001823"
"2020-04-05T00:00:00+00:00","0.12372","0.00001820"
"2020-04-04T00:00:00+00:00","0.12400","0.00001831"
"2020-04-03T00:00:00+00:00","0.12490","0.00001833"
"2020-04-02T00:00:00+00:00","0.12319","0.00001832"
"2020-04-01T00:00:00+00:00","0.11569","0.00001834"
"2020-03-31T00:00:00+00:00","0.11831","0.00001834"
"2020-03-30T00:00:00+00:00","0.11473","0.00001829"
"2020-03-29T00:00:00+00:00","0.11198","0.00001833"
"2020-03-28T00:00:00+00:00","0.11478","0.00001843"
"2020-03-27T00:00:00+00:00","0.12375","0.00001849"
"2020-03-26T00:00:00+00:00","0.12223","0.00001832"
"2020-03-25T00:00:00+00:00","0.10406","0.00001562"
"2020-03-24T00:00:00+00:00","0.10436","0.00001569"
"2020-03-23T00:00:00+00:00","0.09525","0.00001560"
"2020-03-22T00:00:00+00:00","0.09563","0.00001557"
"2020-03-21T00:00:00+00:00","0.09812","0.00001590"
"2020-03-20T00:00:00+00:00","0.10204","0.00001604"
"2020-03-19T00:00:00+00:00","0.09168","0.00001592"
"2020-03-18T00:00:00+00:00","0.08355","0.00001580"
"2020-03-17T00:00:00+00:00","0.08422","0.00001585"
"2020-03-16T00:00:00+00:00","0.07823","0.00001569"
"2020-03-15T00:00:00+00:00","0.08298","0.00001567"
"2020-03-14T00:00:00+00:00","0.08587","0.00001587"
"2020-03-13T00:00:00+00:00","0.08412","0.00001585"
"2020-03-12T00:00:00+00:00","0.10372","0.00001556"
"2020-03-11T00:00:00+00:00","0.12131","0.00001545"
"2020-03-10T00:00:00+00:00","0.12263","0.00001543"
"2020-03-09T00:00:00+00:00","0.12483","0.00001583"
"2020-03-08T00:00:00+00:00","0.14032","0.00001637"
"2020-03-07T00:00:00+00:00","0.14880","0.00001643"
"2020-03-06T00:00:00+00:00","0.14969","0.00001645"
"2020-03-05T00:00:00+00:00","0.14807","0.00001641"
"2020-03-04T00:00:00+00:00","0.14400","0.00001643"
"2020-03-03T00:00:00+00:00","0.14464","0.00001645"
"2020-03-02T00:00:00+00:00","0.14320","0.00001637"
"2020-03-01T00:00:00+00:00","0.14013","0.00001638"
"2020-02-29T00:00:00+00:00","0.14272","0.00001643"
"2020-02-28T00:00:00+00:00","0.14320","0.00001646"
"2020-02-27T00:00:00+00:00","0.14510","0.00001649"
"2020-02-26T00:00:00+00:00","0.14897","0.00001649"
"2020-02-25T00:00:00+00:00","0.15589","0.00001642"
"2020-02-24T00:00:00+00:00","0.15909","0.00001634"
"2020-02-23T00:00:00+00:00","0.16125","0.00001634"
"2020-02-22T00:00:00+00:00","0.15808","0.00001636"
"2020-02-21T00:00:00+00:00","0.15888","0.00001640"
"2020-02-20T00:00:00+00:00","0.15779","0.00001647"
"2020-02-19T00:00:00+00:00","0.16647","0.00001648"
"2020-02-18T00:00:00+00:00","0.16120","0.00001637"
"2020-02-17T00:00:00+00:00","0.15926","0.00001638"
"2020-02-16T00:00:00+00:00","0.16244","0.00001640"
"2020-02-15T00:00:00+00:00","0.16727","0.00001649"
"2020-02-14T00:00:00+00:00","0.16880","0.00001645"
"2020-02-13T00:00:00+00:00","0.17010","0.00001653"
"2020-02-12T00:00:00+00:00","0.17044","0.00001648"
"2020-02-11T00:00:00+00:00","0.16452","0.00001652"
"2020-02-10T00:00:00+00:00","0.16314","0.00001644"
"2020-02-09T00:00:00+00:00","0.16586","0.00001645"
"2020-02-08T00:00:00+00:00","0.16203","0.00001651"
"2020-02-07T00:00:00+00:00","0.16179","0.00001655"
"2020-02-06T00:00:00+00:00","0.15968","0.00001648"
"2020-02-05T00:00:00+00:00","0.15493","0.00001648"
"2020-02-04T00:00:00+00:00","0.15148","0.00001646"
"2020-02-03T00:00:00+00:00","0.15326","0.00001642"
"2020-02-02T00:00:00+00:00","0.15399","0.00001642"
"2020-02-01T00:00:00+00:00","0.15401","0.00001643"
"2020-01-31T00:00:00+00:00","0.15365","0.00001645"
"2020-01-30T00:00:00+00:00","0.15375","0.00001641"
"2020-01-29T00:00:00+00:00","0.15340","0.00001644"
"2020-01-28T00:00:00+00:00","0.15154","0.00001676"
"2020-01-27T00:00:00+00:00","0.14960","0.00001715"
"2020-01-26T00:00:00+00:00","0.14427","0.00001711"
"2020-01-25T00:00:00+00:00","0.14264","0.00001714"
"2020-01-24T00:00:00+00:00","0.14402","0.00001718"
"2020-01-23T00:00:00+00:00","0.14507","0.00001719"
"2020-01-22T00:00:00+00:00","0.14929","0.00001723"
"2020-01-21T00:00:00+00:00","0.14846","0.00001717"
"2020-01-20T00:00:00+00:00","0.14839","0.00001716"
"2020-01-19T00:00:00+00:00","0.15211","0.00001719"
"2020-01-18T00:00:00+00:00","0.15322","0.00001723"
"2020-01-17T00:00:00+00:00","0.15221","0.00001719"
"2020-01-16T00:00:00+00:00","0.14996","0.00001729"
"2020-01-15T00:00:00+00:00","0.15102","0.00001727"
"2020-01-14T00:00:00+00:00","0.15812","0.00001844"
"2020-01-13T00:00:00+00:00","0.14881","0.00001837"
"2020-01-12T00:00:00+00:00","0.14903","0.00001837"
"2020-01-11T00:00:00+00:00","0.14973","0.00001845"
"2020-01-10T00:00:00+00:00","0.14618","0.00001853"
"2020-01-09T00:00:00+00:00","0.14643","0.00001854"
"2020-01-08T00:00:00+00:00","0.15193","0.00001845"
"2020-01-07T00:00:00+00:00","0.14631","0.00001845"
"2020-01-06T00:00:00+00:00","0.13837","0.00001837"
"2020-01-05T00:00:00+00:00","0.13616","0.00001833"
"2020-01-04T00:00:00+00:00","0.13439","0.00001836"
"2020-01-03T00:00:00+00:00","0.13252","0.00001836"
"2020-01-02T00:00:00+00:00","0.12961","0.00001833"
"2020-01-01T00:00:00+00:00","0.13989","0.00001944"
"2019-12-31T00:00:00+00:00","0.14093","0.00001958"
"2019-12-30T00:00:00+00:00","0.14274","0.00001956"
"2019-12-29T00:00:00+00:00","0.14360","0.00001955"
"2019-12-28T00:00:00+00:00","0.14292","0.00001958"
"2019-12-27T00:00:00+00:00","0.14097","0.00001960"
"2019-12-26T00:00:00+00:00","0.14146","0.00001959"
"2019-12-25T00:00:00+00:00","0.14133","0.00001960"
"2019-12-24T00:00:00+00:00","0.14334","0.00001965"
"2019-12-23T00:00:00+00:00","0.14686","0.00001957"
"2019-12-22T00:00:00+00:00","0.14124","0.00001955"
"2019-12-21T00:00:00+00:00","0.14014","0.00001960"
"2019-12-20T00:00:00+00:00","0.14090","0.00001971"
"2019-12-19T00:00:00+00:00","0.14153","0.00001980"
"2019-12-18T00:00:00+00:00","0.13413","0.00001981"
"2019-12-17T00:00:00+00:00","0.13412","0.00001976"
"2019-12-16T00:00:00+00:00","0.13906","0.00001978"
"2019-12-15T00:00:00+00:00","0.13976","0.00001972"
"2019-12-14T00:00:00+00:00","0.14130","0.00001972"
"2019-12-13T00:00:00+00:00","0.14286","0.00001977"
"2019-12-12T00:00:00+00:00","0.14190","0.00001979"
"2019-12-11T00:00:00+00:00","0.14268","0.00001979"
"2019-12-10T00:00:00+00:00","0.14443","0.00001979"
"2019-12-09T00:00:00+00:00","0.14701","0.00001971"
"2019-12-08T00:00:00+00:00","0.14749","0.00001968"
"2019-12-07T00:00:00+00:00","0.14897","0.00001978"
"2019-12-06T00:00:00+00:00","0.14645","0.00001978"
"2019-12-05T00:00:00+00:00","0.14417","0.00001967"
"2019-12-04T00:00:00+00:00","0.14289","0.00001964"
"2019-12-03T00:00:00+00:00","0.14389","0.00001966"
"2019-12-02T00:00:00+00:00","0.14345","0.00001963"
"2019-12-01T00:00:00+00:00","0.14471","0.00001968"
"2019-11-30T00:00:00+00:00","0.15121","0.00001975"
"2019-11-29T00:00:00+00:00","0.14968","0.00001967"
"2019-11-28T00:00:00+00:00","0.14811","0.00001969"
"2019-11-27T00:00:00+00:00","0.14369","0.00001982"
"2019-11-26T00:00:00+00:00","0.14191","0.00001987"
"2019-11-25T00:00:00+00:00","0.13674","0.00001964"
"2019-11-24T00:00:00+00:00","0.13991","0.00001957"
"2019-11-23T00:00:00+00:00","0.14244","0.00001967"
"2019-11-22T00:00:00+00:00","0.14573","0.00001985"
"2019-11-21T00:00:00+00:00","0.15704","0.00002001"
"2019-11-20T00:00:00+00:00","0.16270","0.00002009"
"2019-11-19T00:00:00+00:00","0.16352","0.00002015"
"2019-11-18T00:00:00+00:00","0.16748","0.00001999"
"2019-11-17T00:00:00+00:00","0.17040","0.00002001"
"2019-11-16T00:00:00+00:00","0.16987","0.00002005"
"2019-11-15T00:00:00+00:00","0.17114","0.00002004"
"2019-11-14T00:00:00+00:00","0.17380","0.00002008"
"2019-11-13T00:00:00+00:00","0.17639","0.00002017"
"2019-11-12T00:00:00+00:00","0.17519","0.00002006"
"2019-11-11T00:00:00+00:00","0.17625","0.00002003"
"2019-11-10T00:00:00+00:00","0.17806","0.00002003"
"2019-11-09T00:00:00+00:00","0.17813","0.00002022"
"2019-11-08T00:00:00+00:00","0.18181","0.00002025"
"2019-11-07T00:00:00+00:00","0.17370","0.00001881"
"2019-11-06T00:00:00+00:00","0.17550","0.00001880"
"2019-11-05T00:00:00+00:00","0.17658","0.00001890"
"2019-11-04T00:00:00+00:00","0.17325","0.00001872"
"2019-11-03T00:00:00+00:00","0.17204","0.00001866"
"2019-11-02T00:00:00+00:00","0.17401","0.00001875"
"2019-11-01T00:00:00+00:00","0.17219","0.00001881"
"2019-10-31T00:00:00+00:00","0.17175","0.00001872"
"2019-10-30T00:00:00+00:00","0.17238","0.00001875"
"2019-10-29T00:00:00+00:00","0.17607","0.00001876"
"2019-10-28T00:00:00+00:00","0.17800","0.00001878"
"2019-10-27T00:00:00+00:00","0.17763","0.00001887"
"2019-10-26T00:00:00+00:00","0.17515","0.00001880"
"2019-10-25T00:00:00+00:00","0.14758","0.00001873"
"2019-10-24T00:00:00+00:00","0.13895","0.00001865"
"2019-10-23T00:00:00+00:00","0.15085","0.00001947"
"2019-10-22T00:00:00+00:00","0.16019","0.00001953"
"2019-10-21T00:00:00+00:00","0.16047","0.00001952"
"2019-10-20T00:00:00+00:00","0.15656","0.00001952"
"2019-10-19T00:00:00+00:00","0.15568","0.00001956"
"2019-10-18T00:00:00+00:00","0.15592","0.00001958"
"2019-10-17T00:00:00+00:00","0.15751","0.00001961"
"2019-10-16T00:00:00+00:00","0.15831","0.00001963"
"2019-10-15T00:00:00+00:00","0.16202","0.00001961"
"2019-10-14T00:00:00+00:00","0.16235","0.00001954"
"2019-10-13T00:00:00+00:00","0.16322","0.00001953"
"2019-10-12T00:00:00+00:00","0.16335","0.00001960"
"2019-10-11T00:00:00+00:00","0.16462","0.00001960"
"2019-10-10T00:00:00+00:00","0.17052","0.00001992"
"2019-10-09T00:00:00+00:00","0.16673","0.00001999"
"2019-10-08T00:00:00+00:00","0.16396","0.00001997"
"2019-10-07T00:00:00+00:00","0.16014","0.00001991"
"2019-10-06T00:00:00+00:00","0.15876","0.00001989"
"2019-10-05T00:00:00+00:00","0.16160","0.00001993"
"2019-10-04T00:00:00+00:00","0.16371","0.00002009"
"2019-10-03T00:00:00+00:00","0.16576","0.00002010"
"2019-10-02T00:00:00+00:00","0.16637","0.00002015"
"2019-10-01T00:00:00+00:00","0.16945","0.00002026"
"2019-09-30T00:00:00+00:00","0.16153","0.00002001"
"2019-09-29T00:00:00+00:00","0.16102","0.00001994"
"2019-09-28T00:00:00+00:00","0.16352","0.00002004"
"2019-09-27T00:00:00+00:00","0.16111","0.00002004"
"2019-09-26T00:00:00+00:00","0.17580","0.00002130"
"2019-09-25T00:00:00+00:00","0.18239","0.00002159"
"2019-09-24T00:00:00+00:00","0.20368","0.00002160"
"2019-09-23T00:00:00+00:00","0.21192","0.00002146"
"2019-09-22T00:00:00+00:00","0.21315","0.00002136"
"2019-09-21T00:00:00+00:00","0.21533","0.00002145"
"2019-09-20T00:00:00+00:00","0.21907","0.00002153"
"2019-09-19T00:00:00+00:00","0.21475","0.00002150"
"2019-09-18T00:00:00+00:00","0.21957","0.00002154"
"2019-09-17T00:00:00+00:00","0.21964","0.00002150"
"2019-09-16T00:00:00+00:00","0.21921","0.00002138"
"2019-09-15T00:00:00+00:00","0.22055","0.00002138"
"2019-09-14T00:00:00+00:00","0.22163","0.00002143"
"2019-09-13T00:00:00+00:00","0.23942","0.00002321"
"2019-09-12T00:00:00+00:00","0.24202","0.00002368"
"2019-09-11T00:00:00+00:00","0.23879","0.00002373"
"2019-09-10T00:00:00+00:00","0.24276","0.00002375"
"2019-09-09T00:00:00+00:00","0.24349","0.00002364"
"2019-09-08T00:00:00+00:00","0.24689","0.00002361"
"2019-09-07T00:00:00+00:00","0.24760","0.00002376"
"2019-09-06T00:00:00+00:00","0.25333","0.00002377"
"2019-09-05T00:00:00+00:00","0.25129","0.00002379"
"2019-09-04T00:00:00+00:00","0.25160","0.00002382"
"2019-09-03T00:00:00+00:00","0.24992","0.00002375"
"2019-09-02T00:00:00+00:00","0.23523","0.00002364"
"2019-09-01T00:00:00+00:00","0.22852","0.00002374"
"2019-08-31T00:00:00+00:00","0.24043","0.00002506"
"2019-08-30T00:00:00+00:00","0.23945","0.00002511"
"2019-08-29T00:00:00+00:00","0.23917","0.00002512"
"2019-08-28T00:00:00+00:00","0.25251","0.00002514"
"2019-08-27T00:00:00+00:00","0.25630","0.00002519"
"2019-08-26T00:00:00+00:00","0.25904","0.00002504"
"2019-08-25T00:00:00+00:00","0.25275","0.00002502"
"2019-08-24T00:00:00+00:00","0.25521","0.00002513"
"2019-08-23T00:00:00+00:00","0.26016","0.00002535"
"2019-08-22T00:00:00+00:00","0.25584","0.00002547"
"2019-08-21T00:00:00+00:00","0.25888","0.00002540"
"2019-08-20T00:00:00+00:00","0.27144","0.00002524"
"2019-08-19T00:00:00+00:00","0.26690","0.00002514"
"2019-08-18T00:00:00+00:00","0.26350","0.00002561"
"2019-08-17T00:00:00+00:00","0.26632","0.00002587"
"2019-08-16T00:00:00+00:00","0.26468","0.00002587"
"2019-08-15T00:00:00+00:00","0.25922","0.00002589"
"2019-08-14T00:00:00+00:00","0.27254","0.00002611"
"2019-08-13T00:00:00+00:00","0.29058","0.00002609"
"2019-08-12T00:00:00+00:00","0.29260","0.00002568"
"2019-08-11T00:00:00+00:00","0.29117","0.00002559"
"2019-08-10T00:00:00+00:00","0.30074","0.00002596"
"2019-08-09T00:00:00+00:00","0.30805","0.00002606"
"2019-08-08T00:00:00+00:00","0.31051","0.00002631"
"2019-08-07T00:00:00+00:00","0.30273","0.00002585"
"2019-08-06T00:00:00+00:00","0.30334","0.00002580"
"2019-08-05T00:00:00+00:00","0.30192","0.00002587"
"2019-08-04T00:00:00+00:00","0.30493","0.00002818"
"2019-08-03T00:00:00+00:00","0.30582","0.00002836"
"2019-08-02T00:00:00+00:00","0.29946","0.00002859"
"2019-08-01T00:00:00+00:00","0.28759","0.00002852"
"2019-07-31T00:00:00+00:00","0.28370","0.00002879"
"2019-07-30T00:00:00+00:00","0.27311","0.00002863"
"2019-07-29T00:00:00+00:00","0.27015","0.00002832"
"2019-07-28T00:00:00+00:00","0.26834","0.00002829"
"2019-07-27T00:00:00+00:00","0.27646","0.00002841"
"2019-07-26T00:00:00+00:00","0.27989","0.00002863"
"2019-07-25T00:00:00+00:00","0.28815","0.00002876"
"2019-07-24T00:00:00+00:00","0.27792","0.00002865"
"2019-07-23T00:00:00+00:00","0.28907","0.00002870"
"2019-07-22T00:00:00+00:00","0.29660","0.00002838"
"2019-07-21T00:00:00+00:00","0.29936","0.00002830"
"2019-07-20T00:00:00+00:00","0.30565","0.00002862"
"2019-07-19T00:00:00+00:00","0.30451","0.00002908"
"2019-07-18T00:00:00+00:00","0.29101","0.00002894"
"2019-07-17T00:00:00+00:00","0.27428","0.00002863"
"2019-07-16T00:00:00+00:00","0.29720","0.00002869"
"2019-07-15T00:00:00+00:00","0.29748","0.00002855"
"2019-07-14T00:00:00+00:00","0.30789","0.00002835"
"2019-07-13T00:00:00+00:00","0.32642","0.00002856"
"2019-07-12T00:00:00+00:00","0.33425","0.00002886"
"2019-07-11T00:00:00+00:00","0.33793","0.00002918"
"2019-07-10T00:00:00+00:00","0.36640","0.00002897"
"2019-07-09T00:00:00+00:00","0.37871","0.00003026"
"2019-07-08T00:00:00+00:00","0.38363","0.00003253"
"2019-07-07T00:00:00+00:00","0.36659","0.00003241"
"2019-07-06T00:00:00+00:00","0.37134","0.00003253"
"2019-07-05T00:00:00+00:00","0.36570","0.00003283"
"2019-07-04T00:00:00+00:00","0.38776","0.00003297"
"2019-07-03T00:00:00+00:00","0.37666","0.00003320"
"2019-07-02T00:00:00+00:00","0.34953","0.00003393"
"2019-07-01T00:00:00+00:00","0.35970","0.00003364"
"2019-06-30T00:00:00+00:00","0.38500","0.00003335"
"2019-06-29T00:00:00+00:00","0.40049","0.00003378"
"2019-06-28T00:00:00+00:00","0.40731","0.00003487"
"2019-06-27T00:00:00+00:00","0.41692","0.00003530"
"2019-06-26T00:00:00+00:00","0.46214","0.00003653"
"2019-06-25T00:00:00+00:00","0.40408","0.00003571"
"2019-06-24T00:00:00+00:00","0.38345","0.00003536"
"2019-06-23T00:00:00+00:00","0.38236","0.00003558"
"2019-06-22T00:00:00+00:00","0.39051","0.00003641"
"2019-06-21T00:00:00+00:00","0.35615","0.00003634"
"2019-06-20T00:00:00+00:00","0.33319","0.00003563"
"2019-06-19T00:00:00+00:00","0.32683","0.00003573"
"2019-06-18T00:00:00+00:00","0.33093","0.00003616"
"2019-06-17T00:00:00+00:00","0.33081","0.00003583"
"2019-06-16T00:00:00+00:00","0.32155","0.00003538"
"2019-06-15T00:00:00+00:00","0.31007","0.00003553"
"2019-06-14T00:00:00+00:00","0.29964","0.00003587"
"2019-06-13T00:00:00+00:00","0.29259","0.00003581"
"2019-06-12T00:00:00+00:00","0.28790","0.00003582"
"2019-06-11T00:00:00+00:00","0.28205","0.00003572"
"2019-06-10T00:00:00+00:00","0.27513","0.00003518"
"2019-06-09T00:00:00+00:00","0.27275","0.00003497"
"2019-06-08T00:00:00+00:00","0.28121","0.00003541"
"2019-06-07T00:00:00+00:00","0.28355","0.00003572"
"2019-06-06T00:00:00+00:00","0.27952","0.00003606"
"2019-06-05T00:00:00+00:00","0.28524","0.00003669"
"2019-06-04T00:00:00+00:00","0.30003","0.00003820"
"2019-06-03T00:00:00+00:00","0.31476","0.00003689"
"2019-06-02T00:00:00+00:00","0.31491","0.00003632"
"2019-06-01T00:00:00+00:00","0.32031","0.00003749"
"2019-05-31T00:00:00+00:00","0.31412","0.00003761"
"2019-05-30T00:00:00+00:00","0.34888","0.00004041"
"2019-05-29T00:00:00+00:00","0.35469","0.00004102"
"2019-05-28T00:00:00+00:00","0.35744","0.00004096"
"2019-05-27T00:00:00+00:00","0.35254","0.00004014"
"2019-05-26T00:00:00+00:00","0.32225","0.00003966"
"2019-05-25T00:00:00+00:00","0.32704","0.00004065"
"2019-05-24T00:00:00+00:00","0.32714","0.00004098"
"2019-05-23T00:00:00+00:00","0.31175","0.00004047"
"2019-05-22T00:00:00+00:00","0.32476","0.00004116"
"2019-05-21T00:00:00+00:00","0.33049","0.00004156"
"2019-05-20T00:00:00+00:00","0.31729","0.00004013"
"2019-05-19T00:00:00+00:00","0.31659","0.00003991"
"2019-05-18T00:00:00+00:00","0.30156","0.00004115"
"2019-05-17T00:00:00+00:00","0.30596","0.00004210"
"2019-05-16T00:00:00+00:00","0.33548","0.00004197"
"2019-05-15T00:00:00+00:00","0.32839","0.00004077"
"2019-05-14T00:00:00+00:00","0.31776","0.00003975"
"2019-05-13T00:00:00+00:00","0.29194","0.00003941"
"2019-05-12T00:00:00+00:00","0.28606","0.00003998"
"2019-05-11T00:00:00+00:00","0.27567","0.00004049"
"2019-05-10T00:00:00+00:00","0.25106","0.00003990"
"2019-05-09T00:00:00+00:00","0.24042","0.00003975"
"2019-05-08T00:00:00+00:00","0.23221","0.00003972"
"2019-05-07T00:00:00+00:00","0.23081","0.00003936"
"2019-05-06T00:00:00+00:00","0.22026","0.00003893"
"2019-05-05T00:00:00+00:00","0.22312","0.00003898"
"2019-05-04T00:00:00+00:00","0.22671","0.00003981"
"2019-05-03T00:00:00+00:00","0.23009","0.00004096"
"2019-05-02T00:00:00+00:00","0.21817","0.00004068"
"2019-05-01T00:00:00+00:00","0.21827","0.00004114"
"2019-04-30T00:00:00+00:00","0.21397","0.00004114"
"2019-04-29T00:00:00+00:00","0.20999","0.00004073"
"2019-04-28T00:00:00+00:00","0.21052","0.00004071"
"2019-04-27T00:00:00+00:00","0.21222","0.00004108"
"2019-04-26T00:00:00+00:00","0.21395","0.00004154"
"2019-04-25T00:00:00+00:00","0.22710","0.00004188"
"2019-04-24T00:00:00+00:00","0.23200","0.00004229"
"2019-04-23T00:00:00+00:00","0.23027","0.00004162"
"2019-04-22T00:00:00+00:00","0.21704","0.00004082"
"2019-04-21T00:00:00+00:00","0.21518","0.00004069"
"2019-04-20T00:00:00+00:00","0.21681","0.00004080"
"2019-04-19T00:00:00+00:00","0.21508","0.00004089"
"2019-04-18T00:00:00+00:00","0.21594","0.00004102"
"2019-04-17T00:00:00+00:00","0.21437","0.00004108"
"2019-04-16T00:00:00+00:00","0.20893","0.00004098"
"2019-04-15T00:00:00+00:00","0.20987","0.00004097"
"2019-04-14T00:00:00+00:00","0.20697","0.00004075"
"2019-04-13T00:00:00+00:00","0.20932","0.00004116"
"2019-04-12T00:00:00+00:00","0.21001","0.00004161"
"2019-04-11T00:00:00+00:00","0.21357","0.00004163"
"2019-04-10T00:00:00+00:00","0.22073","0.00004188"
"2019-04-09T00:00:00+00:00","0.21948","0.00004204"
"2019-04-08T00:00:00+00:00","0.21833","0.00004165"
"2019-04-07T00:00:00+00:00","0.21183","0.00004130"
"2019-04-06T00:00:00+00:00","0.20857","0.00004135"
"2019-04-05T00:00:00+00:00","0.21038","0.00004224"
"2019-04-04T00:00:00+00:00","0.21295","0.00004283"
"2019-04-03T00:00:00+00:00","0.21226","0.00004212"
"2019-04-02T00:00:00+00:00","0.19208","0.00004132"
"2019-04-01T00:00:00+00:00","0.16729","0.00004054"
"2019-03-31T00:00:00+00:00","0.16597","0.00004059"
"2019-03-30T00:00:00+00:00","0.16640","0.00004074"
"2019-03-29T00:00:00+00:00","0.16463","0.00004057"
"2019-03-28T00:00:00+00:00","0.16218","0.00004045"
"2019-03-27T00:00:00+00:00","0.16127","0.00004038"
"2019-03-26T00:00:00+00:00","0.15679","0.00004012"
"2019-03-25T00:00:00+00:00","0.15755","0.00003989"
"2019-03-24T00:00:00+00:00","0.15785","0.00003978"
"2019-03-23T00:00:00+00:00","0.16690","0.00004193"
"2019-03-22T00:00:00+00:00","0.16752","0.00004207"
"2019-03-21T00:00:00+00:00","0.16890","0.00004216"
"2019-03-20T00:00:00+00:00","0.16750","0.00004192"
"2019-03-19T00:00:00+00:00","0.16646","0.00004186"
"2019-03-18T00:00:00+00:00","0.16626","0.00004188"
"2019-03-17T00:00:00+00:00","0.16569","0.00004180"
"2019-03-16T00:00:00+00:00","0.16723","0.00004202"
"2019-03-15T00:00:00+00:00","0.16329","0.00004210"
"2019-03-14T00:00:00+00:00","0.16309","0.00004236"
"2019-03-13T00:00:00+00:00","0.16278","0.00004224"
"2019-03-12T00:00:00+00:00","0.16212","0.00004213"
"2019-03-11T00:00:00+00:00","0.16244","0.00004202"
"2019-03-10T00:00:00+00:00","0.16315","0.00004190"
"2019-03-09T00:00:00+00:00","0.16394","0.00004214"
"2019-03-08T00:00:00+00:00","0.16378","0.00004229"
"2019-03-07T00:00:00+00:00","0.16348","0.00004233"
"2019-03-06T00:00:00+00:00","0.16197","0.00004219"
"2019-03-05T00:00:00+00:00","0.15855","0.00004210"
"2019-03-04T00:00:00+00:00","0.15638","0.00004198"
"2019-03-03T00:00:00+00:00","0.15957","0.00004196"
"2019-03-02T00:00:00+00:00","0.16013","0.00004207"
"2019-03-01T00:00:00+00:00","0.16020","0.00004201"
"2019-02-28T00:00:00+00:00","0.16033","0.00004207"
"2019-02-27T00:00:00+00:00","0.16011","0.00004218"
"2019-02-26T00:00:00+00:00","0.16083","0.00004232"
"2019-02-25T00:00:00+00:00","0.15994","0.00004217"
"2019-02-24T00:00:00+00:00","0.16807","0.00004212"
"2019-02-23T00:00:00+00:00","0.16779","0.00004215"
"2019-02-22T00:00:00+00:00","0.16643","0.00004239"
"2019-02-21T00:00:00+00:00","0.16574","0.00004242"
"2019-02-20T00:00:00+00:00","0.16577","0.00004239"
"2019-02-19T00:00:00+00:00","0.16454","0.00004218"
"2019-02-18T00:00:00+00:00","0.15766","0.00004198"
"2019-02-17T00:00:00+00:00","0.15017","0.00004187"
"2019-02-16T00:00:00+00:00","0.15128","0.00004216"
"2019-02-15T00:00:00+00:00","0.15038","0.00004211"
"2019-02-14T00:00:00+00:00","0.15030","0.00004210"
"2019-02-13T00:00:00+00:00","0.15187","0.00004239"
"2019-02-12T00:00:00+00:00","0.15100","0.00004220"
"2019-02-11T00:00:00+00:00","0.15054","0.00004187"
"2019-02-10T00:00:00+00:00","0.15556","0.00004311"
"2019-02-09T00:00:00+00:00","0.15802","0.00004371"
"2019-02-08T00:00:00+00:00","0.15047","0.00004359"
"2019-02-07T00:00:00+00:00","0.14701","0.00004367"
"2019-02-06T00:00:00+00:00","0.14720","0.00004366"
"2019-02-05T00:00:00+00:00","0.14923","0.00004365"
"2019-02-04T00:00:00+00:00","0.14891","0.00004361"
"2019-02-03T00:00:00+00:00","0.14960","0.00004366"
"2019-02-02T00:00:00+00:00","0.15030","0.00004378"
"2019-02-01T00:00:00+00:00","0.15034","0.00004400"
"2019-01-31T00:00:00+00:00","0.15012","0.00004383"
"2019-01-30T00:00:00+00:00","0.14971","0.00004374"
"2019-01-29T00:00:00+00:00","0.14908","0.00004386"
"2019-01-28T00:00:00+00:00","0.14971","0.00004355"
"2019-01-27T00:00:00+00:00","0.15297","0.00004314"
"2019-01-26T00:00:00+00:00","0.15470","0.00004331"
"2019-01-25T00:00:00+00:00","0.15388","0.00004326"
"2019-01-24T00:00:00+00:00","0.15384","0.00004328"
"2019-01-23T00:00:00+00:00","0.15433","0.00004324"
"2019-01-22T00:00:00+00:00","0.15356","0.00004324"
"2019-01-21T00:00:00+00:00","0.15251","0.00004313"
"2019-01-20T00:00:00+00:00","0.15541","0.00004308"
"2019-01-19T00:00:00+00:00","0.15869","0.00004322"
"2019-01-18T00:00:00+00:00","0.15672","0.00004334"
"2019-01-17T00:00:00+00:00","0.15633","0.00004339"
"2019-01-16T00:00:00+00:00","0.15618","0.00004333"
"2019-01-15T00:00:00+00:00","0.15737","0.00004322"
"2019-01-14T00:00:00+00:00","0.15514","0.00004334"
"2019-01-13T00:00:00+00:00","0.16174","0.00004517"
"2019-01-12T00:00:00+00:00","0.16417","0.00004526"
"2019-01-11T00:00:00+00:00","0.16488","0.00004534"
"2019-01-10T00:00:00+00:00","0.17205","0.00004532"
"2019-01-09T00:00:00+00:00","0.18143","0.00004524"
"2019-01-08T00:00:00+00:00","0.18142","0.00004528"
"2019-01-07T00:00:00+00:00","0.18209","0.00004526"
"2019-01-06T00:00:00+00:00","0.17462","0.00004507"
"2019-01-05T00:00:00+00:00","0.17287","0.00004508"
"2019-01-04T00:00:00+00:00","0.17113","0.00004521"
"2019-01-03T00:00:00+00:00","0.17320","0.00004522"
"2019-01-02T00:00:00+00:00","0.17231","0.00004507"
"2019-01-01T00:00:00+00:00","0.16690","0.00004510"
"2018-12-31T00:00:00+00:00","0.18162","0.00004833"
"2018-12-30T00:00:00+00:00","0.18800","0.00004963"
"2018-12-29T00:00:00+00:00","0.19228","0.00004964"
"2018-12-28T00:00:00+00:00","0.18385","0.00004967"
"2018-12-27T00:00:00+00:00","0.18448","0.00004962"
"2018-12-26T00:00:00+00:00","0.18770","0.00004966"
"2018-12-25T00:00:00+00:00","0.18791","0.00004979"
"2018-12-24T00:00:00+00:00","0.20504","0.00004970"
"2018-12-23T00:00:00+00:00","0.19743","0.00004962"
"2018-12-22T00:00:00+00:00","0.19215","0.00004987"
"2018-12-21T00:00:00+00:00","0.19901","0.00005009"
"2018-12-20T00:00:00+00:00","0.19650","0.00005008"
"2018-12-19T00:00:00+00:00","0.18784","0.00005011"
"2018-12-18T00:00:00+00:00","0.15847","0.00004516"
"2018-12-17T00:00:00+00:00","0.15000","0.00004500"
"2018-12-16T00:00:00+00:00","0.14473","0.00004498"
"2018-12-15T00:00:00+00:00","0.14328","0.00004506"
"2018-12-14T00:00:00+00:00","0.14594","0.00004513"
"2018-12-13T00:00:00+00:00","0.15181","0.00004518"
"2018-12-12T00:00:00+00:00","0.15353","0.00004520"
"2018-12-11T00:00:00+00:00","0.15203","0.00004517"
"2018-12-10T00:00:00+00:00","0.15634","0.00004506"
"2018-12-09T00:00:00+00:00","0.15630","0.00004507"
"2018-12-08T00:00:00+00:00","0.15333","0.00004531"
"2018-12-07T00:00:00+00:00","0.15238","0.00004537"
"2018-12-06T00:00:00+00:00","0.16733","0.00004529"
"2018-12-05T00:00:00+00:00","0.17218","0.00004527"
"2018-12-04T00:00:00+00:00","0.17760","0.00004548"
"2018-12-03T00:00:00+00:00","0.16429","0.00004190"
"2018-12-02T00:00:00+00:00","0.15865","0.00003849"
"2018-12-01T00:00:00+00:00","0.15837","0.00003883"
"2018-11-30T00:00:00+00:00","0.15917","0.00003906"
"2018-11-29T00:00:00+00:00","0.16445","0.00003892"
"2018-11-28T00:00:00+00:00","0.15698","0.00003867"
"2018-11-27T00:00:00+00:00","0.14341","0.00003872"
"2018-11-26T00:00:00+00:00","0.14887","0.00003867"
"2018-11-25T00:00:00+00:00","0.14465","0.00003852"
"2018-11-24T00:00:00+00:00","0.16205","0.00003854"
"2018-11-23T00:00:00+00:00","0.16474","0.00003877"
"2018-11-22T00:00:00+00:00","0.17427","0.00003899"
"2018-11-21T00:00:00+00:00","0.17489","0.00003933"
"2018-11-20T00:00:00+00:00","0.17731","0.00003915"
"2018-11-19T00:00:00+00:00","0.19953","0.00003835"
"2018-11-18T00:00:00+00:00","0.21147","0.00003821"
"2018-11-17T00:00:00+00:00","0.21092","0.00003845"
"2018-11-16T00:00:00+00:00","0.19871","0.00003592"
"2018-11-15T00:00:00+00:00","0.19612","0.00003569"
"2018-11-14T00:00:00+00:00","0.21303","0.00003541"